STRUCTURE,STRUCTURE_ID,STRUCTURE_NAME,ACTION,FREQ,Frequency of observation,REF_AREA,Reference area,MEASURE,Measure,UNIT_MEASURE,Unit of measure,CHAPTER,Chapter,TIME_PERIOD,Time period,OBS_VALUE,Observation value,ADJUSTMENT,Adjustment,COUNTERPART_AREA,Counterpart area,SECTOR,Institutional sector,COUNTERPART_SECTOR,Counterpart institutional sector,CONSOLIDATION,Consolidation status,ACCOUNTING_ENTRY,Accounting entry,TRANSACTION,Transaction,INSTR_ASSET,Instruments and assets,MATURITY,Original and residual maturity,PRODUCT,Product,PENSION_FUNDTYPE,Pension fund type,CURRENCY_DENOM,Currency of denomination,VALUATION,Valuation,PRICE_BASE,Price base,TRANSFORMATION,Transformation,TABLE_IDENTIFIER,Table identifier,REF_YEAR_PRICE,Price reference year,BASE_PER,Base period,CONF_STATUS,Confidentiality status,DECIMALS,Decimals,OBS_STATUS,Observation status,UNIT_MULT,Unit multiplier,CURRENCY,Currency
DATAFLOW,OECD.SDD.NAD:DSD_NAAG@DF_NAAG_V(1.0),NAAG Chapter 5: Households,I,A,Annual,POL,Poland,B6GS1M_POP,Gross disposable income per capita of households and NPISH,USD_PPP_PS,"US dollars per person, PPP converted",NAAG_V,Part V: Households,2010,,12695.8251924152,,N,Neither seasonally adjusted nor calendar adjusted,W,World,S1M,Households and non-profit institutions serving households (NPISH),S1,Total economy,_Z,Not applicable,B,Balance (revenue minus expenditure),B6G_POP,"Disposable income, gross, per capita",_Z,Not applicable,,,,,,,,,,,V,Current prices,N,Non transformed data,,,,,,,F,Free (free for publication),2,Two,B,Time series break,0,Units,USD,US dollar
DATAFLOW,OECD.SDD.NAD:DSD_NAAG@DF_NAAG_V(1.0),NAAG Chapter 5: Households,I,A,Annual,POL,Poland,B6GS1M_POP,Gross disposable income per capita of households and NPISH,USD_PPP_PS,"US dollars per person, PPP converted",NAAG_V,Part V: Households,2020,,22343.0342539779,,N,Neither seasonally adjusted nor calendar adjusted,W,World,S1M,Households and non-profit institutions serving households (NPISH),S1,Total economy,_Z,Not applicable,B,Balance (revenue minus expenditure),B6G_POP,"Disposable income, gross, per capita",_Z,Not applicable,,,,,,,,,,,V,Current prices,N,Non transformed data,,,,,,,F,Free (free for publication),2,Two,B,Time series break,0,Units,USD,US dollar
DATAFLOW,OECD.SDD.NAD:DSD_NAAG@DF_NAAG_V(1.0),NAAG Chapter 5: Households,I,A,Annual,DEU,Germany,B6GS1M_POP,Gross disposable income per capita of households and NPISH,USD_PPP_PS,"US dollars per person, PPP converted",NAAG_V,Part V: Households,2022,,42501.3770918378,,N,Neither seasonally adjusted nor calendar adjusted,W,World,S1M,Households and non-profit institutions serving households (NPISH),S1,Total economy,_Z,Not applicable,B,Balance (revenue minus expenditure),B6G_POP,"Disposable income, gross, per capita",_Z,Not applicable,,,,,,,,,,,V,Current prices,N,Non transformed data,,,,,,,F,Free (free for publication),2,Two,E,Estimated value,0,Units,USD,US dollar
DATAFLOW,OECD.SDD.NAD:DSD_NAAG@DF_NAAG_V(1.0),NAAG Chapter 5: Households,I,A,Annual,NLD,Netherlands,B6GS1M_POP,Gross disposable income per capita of households and NPISH,USD_PPP_PS,"US dollars per person, PPP converted",NAAG_V,Part V: Households,2022,,36079.4412557661,,N,Neither seasonally adjusted nor calendar adjusted,W,World,S1M,Households and non-profit institutions serving households (NPISH),S1,Total economy,_Z,Not applicable,B,Balance (revenue minus expenditure),B6G_POP,"Disposable income, gross, per capita",_Z,Not applicable,,,,,,,,,,,V,Current prices,N,Non transformed data,,,,,,,F,Free (free for publication),2,Two,E,Estimated value,0,Units,USD,US dollar
DATAFLOW,OECD.SDD.NAD:DSD_NAAG@DF_NAAG_V(1.0),NAAG Chapter 5: Households,I,A,Annual,POL,Poland,B6GS1M_POP,Gross disposable income per capita of households and NPISH,USD_PPP_PS,"US dollars per person, PPP converted",NAAG_V,Part V: Households,2022,,24797.5470345894,,N,Neither seasonally adjusted nor calendar adjusted,W,World,S1M,Households and non-profit institutions serving households (NPISH),S1,Total economy,_Z,Not applicable,B,Balance (revenue minus expenditure),B6G_POP,"Disposable income, gross, per capita",_Z,Not applicable,,,,,,,,,,,V,Current prices,N,Non transformed data,,,,,,,F,Free (free for publication),2,Two,B,Time series break,0,Units,USD,US dollar
DATAFLOW,OECD.SDD.NAD:DSD_NAAG@DF_NAAG_V(1.0),NAAG Chapter 5: Households,I,A,Annual,FRA,France,B6GS1M_POP,Gross disposable income per capita of households and NPISH,USD_PPP_PS,"US dollars per person, PPP converted",NAAG_V,Part V: Households,2023,,37582.228371007,,N,Neither seasonally adjusted nor calendar adjusted,W,World,S1M,Households and non-profit institutions serving households (NPISH),S1,Total economy,_Z,Not applicable,B,Balance (revenue minus expenditure),B6G_POP,"Disposable income, gross, per capita",_Z,Not applicable,,,,,,,,,,,V,Current prices,N,Non transformed data,,,,,,,F,Free (free for publication),2,Two,E,Estimated value,0,Units,USD,US dollar
DATAFLOW,OECD.SDD.NAD:DSD_NAAG@DF_NAAG_V(1.0),NAAG Chapter 5: Households,I,A,Annual,DEU,Germany,B6GS1M_POP,Gross disposable income per capita of households and NPISH,USD_PPP_PS,"US dollars per person, PPP converted",NAAG_V,Part V: Households,2023,,45926.6267519884,,N,Neither seasonally adjusted nor calendar adjusted,W,World,S1M,Households and non-profit institutions serving households (NPISH),S1,Total economy,_Z,Not applicable,B,Balance (revenue minus expenditure),B6G_POP,"Disposable income, gross, per capita",_Z,Not applicable,,,,,,,,,,,V,Current prices,N,Non transformed data,,,,,,,F,Free (free for publication),2,Two,E,Estimated value,0,Units,USD,US dollar
DATAFLOW,OECD.SDD.NAD:DSD_NAAG@DF_NAAG_V(1.0),NAAG Chapter 5: Households,I,A,Annual,NLD,Netherlands,B6GS1M_POP,Gross disposable income per capita of households and NPISH,USD_PPP_PS,"US dollars per person, PPP converted",NAAG_V,Part V: Households,2023,,39489.1074180507,,N,Neither seasonally adjusted nor calendar adjusted,W,World,S1M,Households and non-profit institutions serving households (NPISH),S1,Total economy,_Z,Not applicable,B,Balance (revenue minus expenditure),B6G_POP,"Disposable income, gross, per capita",_Z,Not applicable,,,,,,,,,,,V,Current prices,N,Non transformed data,,,,,,,F,Free (free for publication),2,Two,E,Estimated value,0,Units,USD,US dollar
DATAFLOW,OECD.SDD.NAD:DSD_NAAG@DF_NAAG_V(1.0),NAAG Chapter 5: Households,I,A,Annual,ESP,Spain,B6GS1M_POP,Gross disposable income per capita of households and NPISH,USD_PPP_PS,"US dollars per person, PPP converted",NAAG_V,Part V: Households,2023,,33453.2943583124,,N,Neither seasonally adjusted nor calendar adjusted,W,World,S1M,Households and non-profit institutions serving households (NPISH),S1,Total economy,_Z,Not applicable,B,Balance (revenue minus expenditure),B6G_POP,"Disposable income, gross, per capita",_Z,Not applicable,,,,,,,,,,,V,Current prices,N,Non transformed data,,,,,,,F,Free (free for publication),2,Two,E,Estimated value,0,Units,USD,US dollar
DATAFLOW,OECD.SDD.NAD:DSD_NAAG@DF_NAAG_V(1.0),NAAG Chapter 5: Households,I,A,Annual,FRA,France,B6GS1M_POP,Gross disposable income per capita of households and NPISH,USD_PPP_PS,"US dollars per person, PPP converted",NAAG_V,Part V: Households,2024,,39420.8018012013,,N,Neither seasonally adjusted nor calendar adjusted,W,World,S1M,Households and non-profit institutions serving households (NPISH),S1,Total economy,_Z,Not applicable,B,Balance (revenue minus expenditure),B6G_POP,"Disposable income, gross, per capita",_Z,Not applicable,,,,,,,,,,,V,Current prices,N,Non transformed data,,,,,,,F,Free (free for publication),2,Two,E,Estimated value,0,Units,USD,US dollar
DATAFLOW,OECD.SDD.NAD:DSD_NAAG@DF_NAAG_V(1.0),NAAG Chapter 5: Households,I,A,Annual,DEU,Germany,B6GS1M_POP,Gross disposable income per capita of households and NPISH,USD_PPP_PS,"US dollars per person, PPP converted",NAAG_V,Part V: Households,2024,,47685.3791601533,,N,Neither seasonally adjusted nor calendar adjusted,W,World,S1M,Households and non-profit institutions serving households (NPISH),S1,Total economy,_Z,Not applicable,B,Balance (revenue minus expenditure),B6G_POP,"Disposable income, gross, per capita",_Z,Not applicable,,,,,,,,,,,V,Current prices,N,Non transformed data,,,,,,,F,Free (free for publication),2,Two,E,Estimated value,0,Units,USD,US dollar
DATAFLOW,OECD.SDD.NAD:DSD_NAAG@DF_NAAG_V(1.0),NAAG Chapter 5: Households,I,A,Annual,NLD,Netherlands,B6GS1M_POP,Gross disposable income per capita of households and NPISH,USD_PPP_PS,"US dollars per person, PPP converted",NAAG_V,Part V: Households,2024,,41485.0536172713,,N,Neither seasonally adjusted nor calendar adjusted,W,World,S1M,Households and non-profit institutions serving households (NPISH),S1,Total economy,_Z,Not applicable,B,Balance (revenue minus expenditure),B6G_POP,"Disposable income, gross, per capita",_Z,Not applicable,,,,,,,,,,,V,Current prices,N,Non transformed data,,,,,,,F,Free (free for publication),2,Two,E,Estimated value,0,Units,USD,US dollar
DATAFLOW,OECD.SDD.NAD:DSD_NAAG@DF_NAAG_V(1.0),NAAG Chapter 5: Households,I,A,Annual,PRT,Portugal,B6GS1M_POP,Gross disposable income per capita of households and NPISH,USD_PPP_PS,"US dollars per person, PPP converted",NAAG_V,Part V: Households,2024,,33735.0603766938,,N,Neither seasonally adjusted nor calendar adjusted,W,World,S1M,Households and non-profit institutions serving households (NPISH),S1,Total economy,_Z,Not applicable,B,Balance (revenue minus expenditure),B6G_POP,"Disposable income, gross, per capita",_Z,Not applicable,,,,,,,,,,,V,Current prices,N,Non transformed data,,,,,,,F,Free (free for publication),2,Two,E,Estimated value,0,Units,USD,US dollar
DATAFLOW,OECD.SDD.NAD:DSD_NAAG@DF_NAAG_V(1.0),NAAG Chapter 5: Households,I,A,Annual,ESP,Spain,B6GS1M_POP,Gross disposable income per capita of households and NPISH,USD_PPP_PS,"US dollars per person, PPP converted",NAAG_V,Part V: Households,2024,,35161.9297398487,,N,Neither seasonally adjusted nor calendar adjusted,W,World,S1M,Households and non-profit institutions serving households (NPISH),S1,Total economy,_Z,Not applicable,B,Balance (revenue minus expenditure),B6G_POP,"Disposable income, gross, per capita",_Z,Not applicable,,,,,,,,,,,V,Current prices,N,Non transformed data,,,,,,,F,Free (free for publication),2,Two,E,Estimated value,0,Units,USD,US dollar
DATAFLOW,OECD.SDD.NAD:DSD_NAAG@DF_NAAG_V(1.0),NAAG Chapter 5: Households,I,A,Annual,AUT,Austria,B6GS1M_POP,Gross disposable income per capita of households and NPISH,USD_PPP_PS,"US dollars per person, PPP converted",NAAG_V,Part V: Households,2010,,25697.2306126967,,N,Neither seasonally adjusted nor calendar adjusted,W,World,S1M,Households and non-profit institutions serving households (NPISH),S1,Total economy,_Z,Not applicable,B,Balance (revenue minus expenditure),B6G_POP,"Disposable income, gross, per capita",_Z,Not applicable,,,,,,,,,,,V,Current prices,N,Non transformed data,,,,,,,F,Free (free for publication),2,Two,A,Normal value,0,Units,USD,US dollar
DATAFLOW,OECD.SDD.NAD:DSD_NAAG@DF_NAAG_V(1.0),NAAG Chapter 5: Households,I,A,Annual,FRA,France,B6GS1M_POP,Gross disposable income per capita of households and NPISH,USD_PPP_PS,"US dollars per person, PPP converted",NAAG_V,Part V: Households,2010,,22464.1953248111,,N,Neither seasonally adjusted nor calendar adjusted,W,World,S1M,Households and non-profit institutions serving households (NPISH),S1,Total economy,_Z,Not applicable,B,Balance (revenue minus expenditure),B6G_POP,"Disposable income, gross, per capita",_Z,Not applicable,,,,,,,,,,,V,Current prices,N,Non transformed data,,,,,,,F,Free (free for publication),2,Two,A,Normal value,0,Units,USD,US dollar
DATAFLOW,OECD.SDD.NAD:DSD_NAAG@DF_NAAG_V(1.0),NAAG Chapter 5: Households,I,A,Annual,DEU,Germany,B6GS1M_POP,Gross disposable income per capita of households and NPISH,USD_PPP_PS,"US dollars per person, PPP converted",NAAG_V,Part V: Households,2010,,24926.6378058108,,N,Neither seasonally adjusted nor calendar adjusted,W,World,S1M,Households and non-profit institutions serving households (NPISH),S1,Total economy,_Z,Not applicable,B,Balance (revenue minus expenditure),B6G_POP,"Disposable income, gross, per capita",_Z,Not applicable,,,,,,,,,,,V,Current prices,N,Non transformed data,,,,,,,F,Free (free for publication),2,Two,A,Normal value,0,Units,USD,US dollar
DATAFLOW,OECD.SDD.NAD:DSD_NAAG@DF_NAAG_V(1.0),NAAG Chapter 5: Households,I,A,Annual,ITA,Italy,B6GS1M_POP,Gross disposable income per capita of households and NPISH,USD_PPP_PS,"US dollars per person, PPP converted",NAAG_V,Part V: Households,2010,,22686.2827126232,,N,Neither seasonally adjusted nor calendar adjusted,W,World,S1M,Households and non-profit institutions serving households (NPISH),S1,Total economy,_Z,Not applicable,B,Balance (revenue minus expenditure),B6G_POP,"Disposable income, gross, per capita",_Z,Not applicable,,,,,,,,,,,V,Current prices,N,Non transformed data,,,,,,,F,Free (free for publication),2,Two,A,Normal value,0,Units,USD,US dollar
DATAFLOW,OECD.SDD.NAD:DSD_NAAG@DF_NAAG_V(1.0),NAAG Chapter 5: Households,I,A,Annual,NLD,Netherlands,B6GS1M_POP,Gross disposable income per capita of households and NPISH,USD_PPP_PS,"US dollars per person, PPP converted",NAAG_V,Part V: Households,2010,,21489.553039139,,N,Neither seasonally adjusted nor calendar adjusted,W,World,S1M,Households and non-profit institutions serving households (NPISH),S1,Total economy,_Z,Not applicable,B,Balance (revenue minus expenditure),B6G_POP,"Disposable income, gross, per capita",_Z,Not applicable,,,,,,,,,,,V,Current prices,N,Non transformed data,,,,,,,F,Free (free for publication),2,Two,A,Normal value,0,Units,USD,US dollar
DATAFLOW,OECD.SDD.NAD:DSD_NAAG@DF_NAAG_V(1.0),NAAG Chapter 5: Households,I,A,Annual,PRT,Portugal,B6GS1M_POP,Gross disposable income per capita of households and NPISH,USD_PPP_PS,"US dollars per person, PPP converted",NAAG_V,Part V: Households,2010,,17535.81375057,,N,Neither seasonally adjusted nor calendar adjusted,W,World,S1M,Households and non-profit institutions serving households (NPISH),S1,Total economy,_Z,Not applicable,B,Balance (revenue minus expenditure),B6G_POP,"Disposable income, gross, per capita",_Z,Not applicable,,,,,,,,,,,V,Current prices,N,Non transformed data,,,,,,,F,Free (free for publication),2,Two,A,Normal value,0,Units,USD,US dollar
DATAFLOW,OECD.SDD.NAD:DSD_NAAG@DF_NAAG_V(1.0),NAAG Chapter 5: Households,I,A,Annual,ESP,Spain,B6GS1M_POP,Gross disposable income per capita of households and NPISH,USD_PPP_PS,"US dollars per person, PPP converted",NAAG_V,Part V: Households,2010,,18693.23349398,,N,Neither seasonally adjusted nor calendar adjusted,W,World,S1M,Households and non-profit institutions serving households (NPISH),S1,Total economy,_Z,Not applicable,B,Balance (revenue minus expenditure),B6G_POP,"Disposable income, gross, per capita",_Z,Not applicable,,,,,,,,,,,V,Current prices,N,Non transformed data,,,,,,,F,Free (free for publication),2,Two,A,Normal value,0,Units,USD,US dollar
DATAFLOW,OECD.SDD.NAD:DSD_NAAG@DF_NAAG_V(1.0),NAAG Chapter 5: Households,I,A,Annual,SWE,Sweden,B6GS1M_POP,Gross disposable income per capita of households and NPISH,USD_PPP_PS,"US dollars per person, PPP converted",NAAG_V,Part V: Households,2010,,20769.7169821504,,N,Neither seasonally adjusted nor calendar adjusted,W,World,S1M,Households and non-profit institutions serving households (NPISH),S1,Total economy,_Z,Not applicable,B,Balance (revenue minus expenditure),B6G_POP,"Disposable income, gross, per capita",_Z,Not applicable,,,,,,,,,,,V,Current prices,N,Non transformed data,,,,,,,F,Free (free for publication),2,Two,A,Normal value,0,Units,USD,US dollar
DATAFLOW,OECD.SDD.NAD:DSD_NAAG@DF_NAAG_V(1.0),NAAG Chapter 5: Households,I,A,Annual,AUT,Austria,B6GS1M_POP,Gross disposable income per capita of households and NPISH,USD_PPP_PS,"US dollars per person, PPP converted",NAAG_V,Part V: Households,2011,,26186.9479754119,,N,Neither seasonally adjusted nor calendar adjusted,W,World,S1M,Households and non-profit institutions serving households (NPISH),S1,Total economy,_Z,Not applicable,B,Balance (revenue minus expenditure),B6G_POP,"Disposable income, gross, per capita",_Z,Not applicable,,,,,,,,,,,V,Current prices,N,Non transformed data,,,,,,,F,Free (free for publication),2,Two,A,Normal value,0,Units,USD,US dollar
DATAFLOW,OECD.SDD.NAD:DSD_NAAG@DF_NAAG_V(1.0),NAAG Chapter 5: Households,I,A,Annual,FRA,France,B6GS1M_POP,Gross disposable income per capita of households and NPISH,USD_PPP_PS,"US dollars per person, PPP converted",NAAG_V,Part V: Households,2011,,23234.6401052795,,N,Neither seasonally adjusted nor calendar adjusted,W,World,S1M,Households and non-profit institutions serving households (NPISH),S1,Total economy,_Z,Not applicable,B,Balance (revenue minus expenditure),B6G_POP,"Disposable income, gross, per capita",_Z,Not applicable,,,,,,,,,,,V,Current prices,N,Non transformed data,,,,,,,F,Free (free for publication),2,Two,A,Normal value,0,Units,USD,US dollar
DATAFLOW,OECD.SDD.NAD:DSD_NAAG@DF_NAAG_V(1.0),NAAG Chapter 5: Households,I,A,Annual,DEU,Germany,B6GS1M_POP,Gross disposable income per capita of households and NPISH,USD_PPP_PS,"US dollars per person, PPP converted",NAAG_V,Part V: Households,2011,,26424.8594094843,,N,Neither seasonally adjusted nor calendar adjusted,W,World,S1M,Households and non-profit institutions serving households (NPISH),S1,Total economy,_Z,Not applicable,B,Balance (revenue minus expenditure),B6G_POP,"Disposable income, gross, per capita",_Z,Not applicable,,,,,,,,,,,V,Current prices,N,Non transformed data,,,,,,,F,Free (free for publication),2,Two,A,Normal value,0,Units,USD,US dollar
DATAFLOW,OECD.SDD.NAD:DSD_NAAG@DF_NAAG_V(1.0),NAAG Chapter 5: Households,I,A,Annual,ITA,Italy,B6GS1M_POP,Gross disposable income per capita of households and NPISH,USD_PPP_PS,"US dollars per person, PPP converted",NAAG_V,Part V: Households,2011,,23180.2719286049,,N,Neither seasonally adjusted nor calendar adjusted,W,World,S1M,Households and non-profit institutions serving households (NPISH),S1,Total economy,_Z,Not applicable,B,Balance (revenue minus expenditure),B6G_POP,"Disposable income, gross, per capita",_Z,Not applicable,,,,,,,,,,,V,Current prices,N,Non transformed data,,,,,,,F,Free (free for publication),2,Two,A,Normal value,0,Units,USD,US dollar
DATAFLOW,OECD.SDD.NAD:DSD_NAAG@DF_NAAG_V(1.0),NAAG Chapter 5: Households,I,A,Annual,NLD,Netherlands,B6GS1M_POP,Gross disposable income per capita of households and NPISH,USD_PPP_PS,"US dollars per person, PPP converted",NAAG_V,Part V: Households,2011,,21901.689341009,,N,Neither seasonally adjusted nor calendar adjusted,W,World,S1M,Households and non-profit institutions serving households (NPISH),S1,Total economy,_Z,Not applicable,B,Balance (revenue minus expenditure),B6G_POP,"Disposable income, gross, per capita",_Z,Not applicable,,,,,,,,,,,V,Current prices,N,Non transformed data,,,,,,,F,Free (free for publication),2,Two,A,Normal value,0,Units,USD,US dollar
DATAFLOW,OECD.SDD.NAD:DSD_NAAG@DF_NAAG_V(1.0),NAAG Chapter 5: Households,I,A,Annual,POL,Poland,B6GS1M_POP,Gross disposable income per capita of households and NPISH,USD_PPP_PS,"US dollars per person, PPP converted",NAAG_V,Part V: Households,2011,,13544.1788731878,,N,Neither seasonally adjusted nor calendar adjusted,W,World,S1M,Households and non-profit institutions serving households (NPISH),S1,Total economy,_Z,Not applicable,B,Balance (revenue minus expenditure),B6G_POP,"Disposable income, gross, per capita",_Z,Not applicable,,,,,,,,,,,V,Current prices,N,Non transformed data,,,,,,,F,Free (free for publication),2,Two,A,Normal value,0,Units,USD,US dollar
DATAFLOW,OECD.SDD.NAD:DSD_NAAG@DF_NAAG_V(1.0),NAAG Chapter 5: Households,I,A,Annual,PRT,Portugal,B6GS1M_POP,Gross disposable income per capita of households and NPISH,USD_PPP_PS,"US dollars per person, PPP converted",NAAG_V,Part V: Households,2011,,17327.6995242788,,N,Neither seasonally adjusted nor calendar adjusted,W,World,S1M,Households and non-profit institutions serving households (NPISH),S1,Total economy,_Z,Not applicable,B,Balance (revenue minus expenditure),B6G_POP,"Disposable income, gross, per capita",_Z,Not applicable,,,,,,,,,,,V,Current prices,N,Non transformed data,,,,,,,F,Free (free for publication),2,Two,A,Normal value,0,Units,USD,US dollar
DATAFLOW,OECD.SDD.NAD:DSD_NAAG@DF_NAAG_V(1.0),NAAG Chapter 5: Households,I,A,Annual,ESP,Spain,B6GS1M_POP,Gross disposable income per capita of households and NPISH,USD_PPP_PS,"US dollars per person, PPP converted",NAAG_V,Part V: Households,2011,,18971.5836580861,,N,Neither seasonally adjusted nor calendar adjusted,W,World,S1M,Households and non-profit institutions serving households (NPISH),S1,Total economy,_Z,Not applicable,B,Balance (revenue minus expenditure),B6G_POP,"Disposable income, gross, per capita",_Z,Not applicable,,,,,,,,,,,V,Current prices,N,Non transformed data,,,,,,,F,Free (free for publication),2,Two,A,Normal value,0,Units,USD,US dollar
DATAFLOW,OECD.SDD.NAD:DSD_NAAG@DF_NAAG_V(1.0),NAAG Chapter 5: Households,I,A,Annual,SWE,Sweden,B6GS1M_POP,Gross disposable income per capita of households and NPISH,USD_PPP_PS,"US dollars per person, PPP converted",NAAG_V,Part V: Households,2011,,21914.6965547192,,N,Neither seasonally adjusted nor calendar adjusted,W,World,S1M,Households and non-profit institutions serving households (NPISH),S1,Total economy,_Z,Not applicable,B,Balance (revenue minus expenditure),B6G_POP,"Disposable income, gross, per capita",_Z,Not applicable,,,,,,,,,,,V,Current prices,N,Non transformed data,,,,,,,F,Free (free for publication),2,Two,A,Normal value,0,Units,USD,US dollar
DATAFLOW,OECD.SDD.NAD:DSD_NAAG@DF_NAAG_V(1.0),NAAG Chapter 5: Households,I,A,Annual,AUT,Austria,B6GS1M_POP,Gross disposable income per capita of households and NPISH,USD_PPP_PS,"US dollars per person, PPP converted",NAAG_V,Part V: Households,2012,,27163.4831825272,,N,Neither seasonally adjusted nor calendar adjusted,W,World,S1M,Households and non-profit institutions serving households (NPISH),S1,Total economy,_Z,Not applicable,B,Balance (revenue minus expenditure),B6G_POP,"Disposable income, gross, per capita",_Z,Not applicable,,,,,,,,,,,V,Current prices,N,Non transformed data,,,,,,,F,Free (free for publication),2,Two,A,Normal value,0,Units,USD,US dollar
DATAFLOW,OECD.SDD.NAD:DSD_NAAG@DF_NAAG_V(1.0),NAAG Chapter 5: Households,I,A,Annual,FRA,France,B6GS1M_POP,Gross disposable income per capita of households and NPISH,USD_PPP_PS,"US dollars per person, PPP converted",NAAG_V,Part V: Households,2012,,23283.5518888054,,N,Neither seasonally adjusted nor calendar adjusted,W,World,S1M,Households and non-profit institutions serving households (NPISH),S1,Total economy,_Z,Not applicable,B,Balance (revenue minus expenditure),B6G_POP,"Disposable income, gross, per capita",_Z,Not applicable,,,,,,,,,,,V,Current prices,N,Non transformed data,,,,,,,F,Free (free for publication),2,Two,A,Normal value,0,Units,USD,US dollar
DATAFLOW,OECD.SDD.NAD:DSD_NAAG@DF_NAAG_V(1.0),NAAG Chapter 5: Households,I,A,Annual,DEU,Germany,B6GS1M_POP,Gross disposable income per capita of households and NPISH,USD_PPP_PS,"US dollars per person, PPP converted",NAAG_V,Part V: Households,2012,,26985.0463868396,,N,Neither seasonally adjusted nor calendar adjusted,W,World,S1M,Households and non-profit institutions serving households (NPISH),S1,Total economy,_Z,Not applicable,B,Balance (revenue minus expenditure),B6G_POP,"Disposable income, gross, per capita",_Z,Not applicable,,,,,,,,,,,V,Current prices,N,Non transformed data,,,,,,,F,Free (free for publication),2,Two,A,Normal value,0,Units,USD,US dollar
DATAFLOW,OECD.SDD.NAD:DSD_NAAG@DF_NAAG_V(1.0),NAAG Chapter 5: Households,I,A,Annual,ITA,Italy,B6GS1M_POP,Gross disposable income per capita of households and NPISH,USD_PPP_PS,"US dollars per person, PPP converted",NAAG_V,Part V: Households,2012,,22186.0622250264,,N,Neither seasonally adjusted nor calendar adjusted,W,World,S1M,Households and non-profit institutions serving households (NPISH),S1,Total economy,_Z,Not applicable,B,Balance (revenue minus expenditure),B6G_POP,"Disposable income, gross, per capita",_Z,Not applicable,,,,,,,,,,,V,Current prices,N,Non transformed data,,,,,,,F,Free (free for publication),2,Two,A,Normal value,0,Units,USD,US dollar
DATAFLOW,OECD.SDD.NAD:DSD_NAAG@DF_NAAG_V(1.0),NAAG Chapter 5: Households,I,A,Annual,NLD,Netherlands,B6GS1M_POP,Gross disposable income per capita of households and NPISH,USD_PPP_PS,"US dollars per person, PPP converted",NAAG_V,Part V: Households,2012,,21740.2123023566,,N,Neither seasonally adjusted nor calendar adjusted,W,World,S1M,Households and non-profit institutions serving households (NPISH),S1,Total economy,_Z,Not applicable,B,Balance (revenue minus expenditure),B6G_POP,"Disposable income, gross, per capita",_Z,Not applicable,,,,,,,,,,,V,Current prices,N,Non transformed data,,,,,,,F,Free (free for publication),2,Two,A,Normal value,0,Units,USD,US dollar
DATAFLOW,OECD.SDD.NAD:DSD_NAAG@DF_NAAG_V(1.0),NAAG Chapter 5: Households,I,A,Annual,POL,Poland,B6GS1M_POP,Gross disposable income per capita of households and NPISH,USD_PPP_PS,"US dollars per person, PPP converted",NAAG_V,Part V: Households,2012,,14234.9986126888,,N,Neither seasonally adjusted nor calendar adjusted,W,World,S1M,Households and non-profit institutions serving households (NPISH),S1,Total economy,_Z,Not applicable,B,Balance (revenue minus expenditure),B6G_POP,"Disposable income, gross, per capita",_Z,Not applicable,,,,,,,,,,,V,Current prices,N,Non transformed data,,,,,,,F,Free (free for publication),2,Two,A,Normal value,0,Units,USD,US dollar
DATAFLOW,OECD.SDD.NAD:DSD_NAAG@DF_NAAG_V(1.0),NAAG Chapter 5: Households,I,A,Annual,PRT,Portugal,B6GS1M_POP,Gross disposable income per capita of households and NPISH,USD_PPP_PS,"US dollars per person, PPP converted",NAAG_V,Part V: Households,2012,,17040.4593544815,,N,Neither seasonally adjusted nor calendar adjusted,W,World,S1M,Households and non-profit institutions serving households (NPISH),S1,Total economy,_Z,Not applicable,B,Balance (revenue minus expenditure),B6G_POP,"Disposable income, gross, per capita",_Z,Not applicable,,,,,,,,,,,V,Current prices,N,Non transformed data,,,,,,,F,Free (free for publication),2,Two,A,Normal value,0,Units,USD,US dollar
DATAFLOW,OECD.SDD.NAD:DSD_NAAG@DF_NAAG_V(1.0),NAAG Chapter 5: Households,I,A,Annual,ESP,Spain,B6GS1M_POP,Gross disposable income per capita of households and NPISH,USD_PPP_PS,"US dollars per person, PPP converted",NAAG_V,Part V: Households,2012,,18114.2603496844,,N,Neither seasonally adjusted nor calendar adjusted,W,World,S1M,Households and non-profit institutions serving households (NPISH),S1,Total economy,_Z,Not applicable,B,Balance (revenue minus expenditure),B6G_POP,"Disposable income, gross, per capita",_Z,Not applicable,,,,,,,,,,,V,Current prices,N,Non transformed data,,,,,,,F,Free (free for publication),2,Two,A,Normal value,0,Units,USD,US dollar
DATAFLOW,OECD.SDD.NAD:DSD_NAAG@DF_NAAG_V(1.0),NAAG Chapter 5: Households,I,A,Annual,SWE,Sweden,B6GS1M_POP,Gross disposable income per capita of households and NPISH,USD_PPP_PS,"US dollars per person, PPP converted",NAAG_V,Part V: Households,2012,,22922.1348410911,,N,Neither seasonally adjusted nor calendar adjusted,W,World,S1M,Households and non-profit institutions serving households (NPISH),S1,Total economy,_Z,Not applicable,B,Balance (revenue minus expenditure),B6G_POP,"Disposable income, gross, per capita",_Z,Not applicable,,,,,,,,,,,V,Current prices,N,Non transformed data,,,,,,,F,Free (free for publication),2,Two,A,Normal value,0,Units,USD,US dollar
DATAFLOW,OECD.SDD.NAD:DSD_NAAG@DF_NAAG_V(1.0),NAAG Chapter 5: Households,I,A,Annual,AUT,Austria,B6GS1M_POP,Gross disposable income per capita of households and NPISH,USD_PPP_PS,"US dollars per person, PPP converted",NAAG_V,Part V: Households,2013,,27214.7808642145,,N,Neither seasonally adjusted nor calendar adjusted,W,World,S1M,Households and non-profit institutions serving households (NPISH),S1,Total economy,_Z,Not applicable,B,Balance (revenue minus expenditure),B6G_POP,"Disposable income, gross, per capita",_Z,Not applicable,,,,,,,,,,,V,Current prices,N,Non transformed data,,,,,,,F,Free (free for publication),2,Two,A,Normal value,0,Units,USD,US dollar
DATAFLOW,OECD.SDD.NAD:DSD_NAAG@DF_NAAG_V(1.0),NAAG Chapter 5: Households,I,A,Annual,FRA,France,B6GS1M_POP,Gross disposable income per capita of households and NPISH,USD_PPP_PS,"US dollars per person, PPP converted",NAAG_V,Part V: Households,2013,,23783.6282084979,,N,Neither seasonally adjusted nor calendar adjusted,W,World,S1M,Households and non-profit institutions serving households (NPISH),S1,Total economy,_Z,Not applicable,B,Balance (revenue minus expenditure),B6G_POP,"Disposable income, gross, per capita",_Z,Not applicable,,,,,,,,,,,V,Current prices,N,Non transformed data,,,,,,,F,Free (free for publication),2,Two,A,Normal value,0,Units,USD,US dollar
DATAFLOW,OECD.SDD.NAD:DSD_NAAG@DF_NAAG_V(1.0),NAAG Chapter 5: Households,I,A,Annual,DEU,Germany,B6GS1M_POP,Gross disposable income per capita of households and NPISH,USD_PPP_PS,"US dollars per person, PPP converted",NAAG_V,Part V: Households,2013,,27480.4822984599,,N,Neither seasonally adjusted nor calendar adjusted,W,World,S1M,Households and non-profit institutions serving households (NPISH),S1,Total economy,_Z,Not applicable,B,Balance (revenue minus expenditure),B6G_POP,"Disposable income, gross, per capita",_Z,Not applicable,,,,,,,,,,,V,Current prices,N,Non transformed data,,,,,,,F,Free (free for publication),2,Two,A,Normal value,0,Units,USD,US dollar
DATAFLOW,OECD.SDD.NAD:DSD_NAAG@DF_NAAG_V(1.0),NAAG Chapter 5: Households,I,A,Annual,ITA,Italy,B6GS1M_POP,Gross disposable income per capita of households and NPISH,USD_PPP_PS,"US dollars per person, PPP converted",NAAG_V,Part V: Households,2013,,22469.5892238613,,N,Neither seasonally adjusted nor calendar adjusted,W,World,S1M,Households and non-profit institutions serving households (NPISH),S1,Total economy,_Z,Not applicable,B,Balance (revenue minus expenditure),B6G_POP,"Disposable income, gross, per capita",_Z,Not applicable,,,,,,,,,,,V,Current prices,N,Non transformed data,,,,,,,F,Free (free for publication),2,Two,A,Normal value,0,Units,USD,US dollar
DATAFLOW,OECD.SDD.NAD:DSD_NAAG@DF_NAAG_V(1.0),NAAG Chapter 5: Households,I,A,Annual,NLD,Netherlands,B6GS1M_POP,Gross disposable income per capita of households and NPISH,USD_PPP_PS,"US dollars per person, PPP converted",NAAG_V,Part V: Households,2013,,22054.233242533,,N,Neither seasonally adjusted nor calendar adjusted,W,World,S1M,Households and non-profit institutions serving households (NPISH),S1,Total economy,_Z,Not applicable,B,Balance (revenue minus expenditure),B6G_POP,"Disposable income, gross, per capita",_Z,Not applicable,,,,,,,,,,,V,Current prices,N,Non transformed data,,,,,,,F,Free (free for publication),2,Two,A,Normal value,0,Units,USD,US dollar
DATAFLOW,OECD.SDD.NAD:DSD_NAAG@DF_NAAG_V(1.0),NAAG Chapter 5: Households,I,A,Annual,POL,Poland,B6GS1M_POP,Gross disposable income per capita of households and NPISH,USD_PPP_PS,"US dollars per person, PPP converted",NAAG_V,Part V: Households,2013,,14704.2006045286,,N,Neither seasonally adjusted nor calendar adjusted,W,World,S1M,Households and non-profit institutions serving households (NPISH),S1,Total economy,_Z,Not applicable,B,Balance (revenue minus expenditure),B6G_POP,"Disposable income, gross, per capita",_Z,Not applicable,,,,,,,,,,,V,Current prices,N,Non transformed data,,,,,,,F,Free (free for publication),2,Two,A,Normal value,0,Units,USD,US dollar
DATAFLOW,OECD.SDD.NAD:DSD_NAAG@DF_NAAG_V(1.0),NAAG Chapter 5: Households,I,A,Annual,PRT,Portugal,B6GS1M_POP,Gross disposable income per capita of households and NPISH,USD_PPP_PS,"US dollars per person, PPP converted",NAAG_V,Part V: Households,2013,,17583.1346934177,,N,Neither seasonally adjusted nor calendar adjusted,W,World,S1M,Households and non-profit institutions serving households (NPISH),S1,Total economy,_Z,Not applicable,B,Balance (revenue minus expenditure),B6G_POP,"Disposable income, gross, per capita",_Z,Not applicable,,,,,,,,,,,V,Current prices,N,Non transformed data,,,,,,,F,Free (free for publication),2,Two,A,Normal value,0,Units,USD,US dollar
DATAFLOW,OECD.SDD.NAD:DSD_NAAG@DF_NAAG_V(1.0),NAAG Chapter 5: Households,I,A,Annual,ESP,Spain,B6GS1M_POP,Gross disposable income per capita of households and NPISH,USD_PPP_PS,"US dollars per person, PPP converted",NAAG_V,Part V: Households,2013,,18779.5345832677,,N,Neither seasonally adjusted nor calendar adjusted,W,World,S1M,Households and non-profit institutions serving households (NPISH),S1,Total economy,_Z,Not applicable,B,Balance (revenue minus expenditure),B6G_POP,"Disposable income, gross, per capita",_Z,Not applicable,,,,,,,,,,,V,Current prices,N,Non transformed data,,,,,,,F,Free (free for publication),2,Two,A,Normal value,0,Units,USD,US dollar
DATAFLOW,OECD.SDD.NAD:DSD_NAAG@DF_NAAG_V(1.0),NAAG Chapter 5: Households,I,A,Annual,SWE,Sweden,B6GS1M_POP,Gross disposable income per capita of households and NPISH,USD_PPP_PS,"US dollars per person, PPP converted",NAAG_V,Part V: Households,2013,,23037.3689438621,,N,Neither seasonally adjusted nor calendar adjusted,W,World,S1M,Households and non-profit institutions serving households (NPISH),S1,Total economy,_Z,Not applicable,B,Balance (revenue minus expenditure),B6G_POP,"Disposable income, gross, per capita",_Z,Not applicable,,,,,,,,,,,V,Current prices,N,Non transformed data,,,,,,,F,Free (free for publication),2,Two,A,Normal value,0,Units,USD,US dollar
DATAFLOW,OECD.SDD.NAD:DSD_NAAG@DF_NAAG_V(1.0),NAAG Chapter 5: Households,I,A,Annual,AUT,Austria,B6GS1M_POP,Gross disposable income per capita of households and NPISH,USD_PPP_PS,"US dollars per person, PPP converted",NAAG_V,Part V: Households,2014,,27687.5071126798,,N,Neither seasonally adjusted nor calendar adjusted,W,World,S1M,Households and non-profit institutions serving households (NPISH),S1,Total economy,_Z,Not applicable,B,Balance (revenue minus expenditure),B6G_POP,"Disposable income, gross, per capita",_Z,Not applicable,,,,,,,,,,,V,Current prices,N,Non transformed data,,,,,,,F,Free (free for publication),2,Two,A,Normal value,0,Units,USD,US dollar
DATAFLOW,OECD.SDD.NAD:DSD_NAAG@DF_NAAG_V(1.0),NAAG Chapter 5: Households,I,A,Annual,FRA,France,B6GS1M_POP,Gross disposable income per capita of households and NPISH,USD_PPP_PS,"US dollars per person, PPP converted",NAAG_V,Part V: Households,2014,,24058.5929925644,,N,Neither seasonally adjusted nor calendar adjusted,W,World,S1M,Households and non-profit institutions serving households (NPISH),S1,Total economy,_Z,Not applicable,B,Balance (revenue minus expenditure),B6G_POP,"Disposable income, gross, per capita",_Z,Not applicable,,,,,,,,,,,V,Current prices,N,Non transformed data,,,,,,,F,Free (free for publication),2,Two,A,Normal value,0,Units,USD,US dollar
DATAFLOW,OECD.SDD.NAD:DSD_NAAG@DF_NAAG_V(1.0),NAAG Chapter 5: Households,I,A,Annual,DEU,Germany,B6GS1M_POP,Gross disposable income per capita of households and NPISH,USD_PPP_PS,"US dollars per person, PPP converted",NAAG_V,Part V: Households,2014,,28424.3239121811,,N,Neither seasonally adjusted nor calendar adjusted,W,World,S1M,Households and non-profit institutions serving households (NPISH),S1,Total economy,_Z,Not applicable,B,Balance (revenue minus expenditure),B6G_POP,"Disposable income, gross, per capita",_Z,Not applicable,,,,,,,,,,,V,Current prices,N,Non transformed data,,,,,,,F,Free (free for publication),2,Two,A,Normal value,0,Units,USD,US dollar
DATAFLOW,OECD.SDD.NAD:DSD_NAAG@DF_NAAG_V(1.0),NAAG Chapter 5: Households,I,A,Annual,ITA,Italy,B6GS1M_POP,Gross disposable income per capita of households and NPISH,USD_PPP_PS,"US dollars per person, PPP converted",NAAG_V,Part V: Households,2014,,22476.7473047421,,N,Neither seasonally adjusted nor calendar adjusted,W,World,S1M,Households and non-profit institutions serving households (NPISH),S1,Total economy,_Z,Not applicable,B,Balance (revenue minus expenditure),B6G_POP,"Disposable income, gross, per capita",_Z,Not applicable,,,,,,,,,,,V,Current prices,N,Non transformed data,,,,,,,F,Free (free for publication),2,Two,A,Normal value,0,Units,USD,US dollar
DATAFLOW,OECD.SDD.NAD:DSD_NAAG@DF_NAAG_V(1.0),NAAG Chapter 5: Households,I,A,Annual,NLD,Netherlands,B6GS1M_POP,Gross disposable income per capita of households and NPISH,USD_PPP_PS,"US dollars per person, PPP converted",NAAG_V,Part V: Households,2014,,22359.9015599551,,N,Neither seasonally adjusted nor calendar adjusted,W,World,S1M,Households and non-profit institutions serving households (NPISH),S1,Total economy,_Z,Not applicable,B,Balance (revenue minus expenditure),B6G_POP,"Disposable income, gross, per capita",_Z,Not applicable,,,,,,,,,,,V,Current prices,N,Non transformed data,,,,,,,F,Free (free for publication),2,Two,A,Normal value,0,Units,USD,US dollar
DATAFLOW,OECD.SDD.NAD:DSD_NAAG@DF_NAAG_V(1.0),NAAG Chapter 5: Households,I,A,Annual,POL,Poland,B6GS1M_POP,Gross disposable income per capita of households and NPISH,USD_PPP_PS,"US dollars per person, PPP converted",NAAG_V,Part V: Households,2014,,15519.5031474106,,N,Neither seasonally adjusted nor calendar adjusted,W,World,S1M,Households and non-profit institutions serving households (NPISH),S1,Total economy,_Z,Not applicable,B,Balance (revenue minus expenditure),B6G_POP,"Disposable income, gross, per capita",_Z,Not applicable,,,,,,,,,,,V,Current prices,N,Non transformed data,,,,,,,F,Free (free for publication),2,Two,A,Normal value,0,Units,USD,US dollar
DATAFLOW,OECD.SDD.NAD:DSD_NAAG@DF_NAAG_V(1.0),NAAG Chapter 5: Households,I,A,Annual,PRT,Portugal,B6GS1M_POP,Gross disposable income per capita of households and NPISH,USD_PPP_PS,"US dollars per person, PPP converted",NAAG_V,Part V: Households,2014,,17595.6480656316,,N,Neither seasonally adjusted nor calendar adjusted,W,World,S1M,Households and non-profit institutions serving households (NPISH),S1,Total economy,_Z,Not applicable,B,Balance (revenue minus expenditure),B6G_POP,"Disposable income, gross, per capita",_Z,Not applicable,,,,,,,,,,,V,Current prices,N,Non transformed data,,,,,,,F,Free (free for publication),2,Two,A,Normal value,0,Units,USD,US dollar
DATAFLOW,OECD.SDD.NAD:DSD_NAAG@DF_NAAG_V(1.0),NAAG Chapter 5: Households,I,A,Annual,ESP,Spain,B6GS1M_POP,Gross disposable income per capita of households and NPISH,USD_PPP_PS,"US dollars per person, PPP converted",NAAG_V,Part V: Households,2014,,19232.8440161503,,N,Neither seasonally adjusted nor calendar adjusted,W,World,S1M,Households and non-profit institutions serving households (NPISH),S1,Total economy,_Z,Not applicable,B,Balance (revenue minus expenditure),B6G_POP,"Disposable income, gross, per capita",_Z,Not applicable,,,,,,,,,,,V,Current prices,N,Non transformed data,,,,,,,F,Free (free for publication),2,Two,A,Normal value,0,Units,USD,US dollar
DATAFLOW,OECD.SDD.NAD:DSD_NAAG@DF_NAAG_V(1.0),NAAG Chapter 5: Households,I,A,Annual,SWE,Sweden,B6GS1M_POP,Gross disposable income per capita of households and NPISH,USD_PPP_PS,"US dollars per person, PPP converted",NAAG_V,Part V: Households,2014,,23345.8505617707,,N,Neither seasonally adjusted nor calendar adjusted,W,World,S1M,Households and non-profit institutions serving households (NPISH),S1,Total economy,_Z,Not applicable,B,Balance (revenue minus expenditure),B6G_POP,"Disposable income, gross, per capita",_Z,Not applicable,,,,,,,,,,,V,Current prices,N,Non transformed data,,,,,,,F,Free (free for publication),2,Two,A,Normal value,0,Units,USD,US dollar
DATAFLOW,OECD.SDD.NAD:DSD_NAAG@DF_NAAG_V(1.0),NAAG Chapter 5: Households,I,A,Annual,AUT,Austria,B6GS1M_POP,Gross disposable income per capita of households and NPISH,USD_PPP_PS,"US dollars per person, PPP converted",NAAG_V,Part V: Households,2015,,27843.1469906627,,N,Neither seasonally adjusted nor calendar adjusted,W,World,S1M,Households and non-profit institutions serving households (NPISH),S1,Total economy,_Z,Not applicable,B,Balance (revenue minus expenditure),B6G_POP,"Disposable income, gross, per capita",_Z,Not applicable,,,,,,,,,,,V,Current prices,N,Non transformed data,,,,,,,F,Free (free for publication),2,Two,A,Normal value,0,Units,USD,US dollar
DATAFLOW,OECD.SDD.NAD:DSD_NAAG@DF_NAAG_V(1.0),NAAG Chapter 5: Households,I,A,Annual,FRA,France,B6GS1M_POP,Gross disposable income per capita of households and NPISH,USD_PPP_PS,"US dollars per person, PPP converted",NAAG_V,Part V: Households,2015,,23898.3772059061,,N,Neither seasonally adjusted nor calendar adjusted,W,World,S1M,Households and non-profit institutions serving households (NPISH),S1,Total economy,_Z,Not applicable,B,Balance (revenue minus expenditure),B6G_POP,"Disposable income, gross, per capita",_Z,Not applicable,,,,,,,,,,,V,Current prices,N,Non transformed data,,,,,,,F,Free (free for publication),2,Two,A,Normal value,0,Units,USD,US dollar
DATAFLOW,OECD.SDD.NAD:DSD_NAAG@DF_NAAG_V(1.0),NAAG Chapter 5: Households,I,A,Annual,DEU,Germany,B6GS1M_POP,Gross disposable income per capita of households and NPISH,USD_PPP_PS,"US dollars per person, PPP converted",NAAG_V,Part V: Households,2015,,28621.5146655891,,N,Neither seasonally adjusted nor calendar adjusted,W,World,S1M,Households and non-profit institutions serving households (NPISH),S1,Total economy,_Z,Not applicable,B,Balance (revenue minus expenditure),B6G_POP,"Disposable income, gross, per capita",_Z,Not applicable,,,,,,,,,,,V,Current prices,N,Non transformed data,,,,,,,F,Free (free for publication),2,Two,A,Normal value,0,Units,USD,US dollar
DATAFLOW,OECD.SDD.NAD:DSD_NAAG@DF_NAAG_V(1.0),NAAG Chapter 5: Households,I,A,Annual,ITA,Italy,B6GS1M_POP,Gross disposable income per capita of households and NPISH,USD_PPP_PS,"US dollars per person, PPP converted",NAAG_V,Part V: Households,2015,,22707.0666236993,,N,Neither seasonally adjusted nor calendar adjusted,W,World,S1M,Households and non-profit institutions serving households (NPISH),S1,Total economy,_Z,Not applicable,B,Balance (revenue minus expenditure),B6G_POP,"Disposable income, gross, per capita",_Z,Not applicable,,,,,,,,,,,V,Current prices,N,Non transformed data,,,,,,,F,Free (free for publication),2,Two,A,Normal value,0,Units,USD,US dollar
DATAFLOW,OECD.SDD.NAD:DSD_NAAG@DF_NAAG_V(1.0),NAAG Chapter 5: Households,I,A,Annual,NLD,Netherlands,B6GS1M_POP,Gross disposable income per capita of households and NPISH,USD_PPP_PS,"US dollars per person, PPP converted",NAAG_V,Part V: Households,2015,,22710.0895280832,,N,Neither seasonally adjusted nor calendar adjusted,W,World,S1M,Households and non-profit institutions serving households (NPISH),S1,Total economy,_Z,Not applicable,B,Balance (revenue minus expenditure),B6G_POP,"Disposable income, gross, per capita",_Z,Not applicable,,,,,,,,,,,V,Current prices,N,Non transformed data,,,,,,,F,Free (free for publication),2,Two,A,Normal value,0,Units,USD,US dollar
DATAFLOW,OECD.SDD.NAD:DSD_NAAG@DF_NAAG_V(1.0),NAAG Chapter 5: Households,I,A,Annual,POL,Poland,B6GS1M_POP,Gross disposable income per capita of households and NPISH,USD_PPP_PS,"US dollars per person, PPP converted",NAAG_V,Part V: Households,2015,,15982.5752070321,,N,Neither seasonally adjusted nor calendar adjusted,W,World,S1M,Households and non-profit institutions serving households (NPISH),S1,Total economy,_Z,Not applicable,B,Balance (revenue minus expenditure),B6G_POP,"Disposable income, gross, per capita",_Z,Not applicable,,,,,,,,,,,V,Current prices,N,Non transformed data,,,,,,,F,Free (free for publication),2,Two,A,Normal value,0,Units,USD,US dollar
DATAFLOW,OECD.SDD.NAD:DSD_NAAG@DF_NAAG_V(1.0),NAAG Chapter 5: Households,I,A,Annual,PRT,Portugal,B6GS1M_POP,Gross disposable income per capita of households and NPISH,USD_PPP_PS,"US dollars per person, PPP converted",NAAG_V,Part V: Households,2015,,18153.8930443755,,N,Neither seasonally adjusted nor calendar adjusted,W,World,S1M,Households and non-profit institutions serving households (NPISH),S1,Total economy,_Z,Not applicable,B,Balance (revenue minus expenditure),B6G_POP,"Disposable income, gross, per capita",_Z,Not applicable,,,,,,,,,,,V,Current prices,N,Non transformed data,,,,,,,F,Free (free for publication),2,Two,A,Normal value,0,Units,USD,US dollar
DATAFLOW,OECD.SDD.NAD:DSD_NAAG@DF_NAAG_V(1.0),NAAG Chapter 5: Households,I,A,Annual,ESP,Spain,B6GS1M_POP,Gross disposable income per capita of households and NPISH,USD_PPP_PS,"US dollars per person, PPP converted",NAAG_V,Part V: Households,2015,,20210.4243259149,,N,Neither seasonally adjusted nor calendar adjusted,W,World,S1M,Households and non-profit institutions serving households (NPISH),S1,Total economy,_Z,Not applicable,B,Balance (revenue minus expenditure),B6G_POP,"Disposable income, gross, per capita",_Z,Not applicable,,,,,,,,,,,V,Current prices,N,Non transformed data,,,,,,,F,Free (free for publication),2,Two,A,Normal value,0,Units,USD,US dollar
DATAFLOW,OECD.SDD.NAD:DSD_NAAG@DF_NAAG_V(1.0),NAAG Chapter 5: Households,I,A,Annual,SWE,Sweden,B6GS1M_POP,Gross disposable income per capita of households and NPISH,USD_PPP_PS,"US dollars per person, PPP converted",NAAG_V,Part V: Households,2015,,23446.503804954,,N,Neither seasonally adjusted nor calendar adjusted,W,World,S1M,Households and non-profit institutions serving households (NPISH),S1,Total economy,_Z,Not applicable,B,Balance (revenue minus expenditure),B6G_POP,"Disposable income, gross, per capita",_Z,Not applicable,,,,,,,,,,,V,Current prices,N,Non transformed data,,,,,,,F,Free (free for publication),2,Two,A,Normal value,0,Units,USD,US dollar
DATAFLOW,OECD.SDD.NAD:DSD_NAAG@DF_NAAG_V(1.0),NAAG Chapter 5: Households,I,A,Annual,AUT,Austria,B6GS1M_POP,Gross disposable income per capita of households and NPISH,USD_PPP_PS,"US dollars per person, PPP converted",NAAG_V,Part V: Households,2016,,29236.5326842627,,N,Neither seasonally adjusted nor calendar adjusted,W,World,S1M,Households and non-profit institutions serving households (NPISH),S1,Total economy,_Z,Not applicable,B,Balance (revenue minus expenditure),B6G_POP,"Disposable income, gross, per capita",_Z,Not applicable,,,,,,,,,,,V,Current prices,N,Non transformed data,,,,,,,F,Free (free for publication),2,Two,A,Normal value,0,Units,USD,US dollar
DATAFLOW,OECD.SDD.NAD:DSD_NAAG@DF_NAAG_V(1.0),NAAG Chapter 5: Households,I,A,Annual,FRA,France,B6GS1M_POP,Gross disposable income per capita of households and NPISH,USD_PPP_PS,"US dollars per person, PPP converted",NAAG_V,Part V: Households,2016,,24924.9379154554,,N,Neither seasonally adjusted nor calendar adjusted,W,World,S1M,Households and non-profit institutions serving households (NPISH),S1,Total economy,_Z,Not applicable,B,Balance (revenue minus expenditure),B6G_POP,"Disposable income, gross, per capita",_Z,Not applicable,,,,,,,,,,,V,Current prices,N,Non transformed data,,,,,,,F,Free (free for publication),2,Two,A,Normal value,0,Units,USD,US dollar
DATAFLOW,OECD.SDD.NAD:DSD_NAAG@DF_NAAG_V(1.0),NAAG Chapter 5: Households,I,A,Annual,DEU,Germany,B6GS1M_POP,Gross disposable income per capita of households and NPISH,USD_PPP_PS,"US dollars per person, PPP converted",NAAG_V,Part V: Households,2016,,30246.5082874666,,N,Neither seasonally adjusted nor calendar adjusted,W,World,S1M,Households and non-profit institutions serving households (NPISH),S1,Total economy,_Z,Not applicable,B,Balance (revenue minus expenditure),B6G_POP,"Disposable income, gross, per capita",_Z,Not applicable,,,,,,,,,,,V,Current prices,N,Non transformed data,,,,,,,F,Free (free for publication),2,Two,A,Normal value,0,Units,USD,US dollar
DATAFLOW,OECD.SDD.NAD:DSD_NAAG@DF_NAAG_V(1.0),NAAG Chapter 5: Households,I,A,Annual,ITA,Italy,B6GS1M_POP,Gross disposable income per capita of households and NPISH,USD_PPP_PS,"US dollars per person, PPP converted",NAAG_V,Part V: Households,2016,,24284.7208467397,,N,Neither seasonally adjusted nor calendar adjusted,W,World,S1M,Households and non-profit institutions serving households (NPISH),S1,Total economy,_Z,Not applicable,B,Balance (revenue minus expenditure),B6G_POP,"Disposable income, gross, per capita",_Z,Not applicable,,,,,,,,,,,V,Current prices,N,Non transformed data,,,,,,,F,Free (free for publication),2,Two,A,Normal value,0,Units,USD,US dollar
DATAFLOW,OECD.SDD.NAD:DSD_NAAG@DF_NAAG_V(1.0),NAAG Chapter 5: Households,I,A,Annual,NLD,Netherlands,B6GS1M_POP,Gross disposable income per capita of households and NPISH,USD_PPP_PS,"US dollars per person, PPP converted",NAAG_V,Part V: Households,2016,,23802.729878455,,N,Neither seasonally adjusted nor calendar adjusted,W,World,S1M,Households and non-profit institutions serving households (NPISH),S1,Total economy,_Z,Not applicable,B,Balance (revenue minus expenditure),B6G_POP,"Disposable income, gross, per capita",_Z,Not applicable,,,,,,,,,,,V,Current prices,N,Non transformed data,,,,,,,F,Free (free for publication),2,Two,A,Normal value,0,Units,USD,US dollar
DATAFLOW,OECD.SDD.NAD:DSD_NAAG@DF_NAAG_V(1.0),NAAG Chapter 5: Households,I,A,Annual,POL,Poland,B6GS1M_POP,Gross disposable income per capita of households and NPISH,USD_PPP_PS,"US dollars per person, PPP converted",NAAG_V,Part V: Households,2016,,17082.5063265051,,N,Neither seasonally adjusted nor calendar adjusted,W,World,S1M,Households and non-profit institutions serving households (NPISH),S1,Total economy,_Z,Not applicable,B,Balance (revenue minus expenditure),B6G_POP,"Disposable income, gross, per capita",_Z,Not applicable,,,,,,,,,,,V,Current prices,N,Non transformed data,,,,,,,F,Free (free for publication),2,Two,A,Normal value,0,Units,USD,US dollar
DATAFLOW,OECD.SDD.NAD:DSD_NAAG@DF_NAAG_V(1.0),NAAG Chapter 5: Households,I,A,Annual,PRT,Portugal,B6GS1M_POP,Gross disposable income per capita of households and NPISH,USD_PPP_PS,"US dollars per person, PPP converted",NAAG_V,Part V: Households,2016,,19226.277773936,,N,Neither seasonally adjusted nor calendar adjusted,W,World,S1M,Households and non-profit institutions serving households (NPISH),S1,Total economy,_Z,Not applicable,B,Balance (revenue minus expenditure),B6G_POP,"Disposable income, gross, per capita",_Z,Not applicable,,,,,,,,,,,V,Current prices,N,Non transformed data,,,,,,,F,Free (free for publication),2,Two,A,Normal value,0,Units,USD,US dollar
DATAFLOW,OECD.SDD.NAD:DSD_NAAG@DF_NAAG_V(1.0),NAAG Chapter 5: Households,I,A,Annual,ESP,Spain,B6GS1M_POP,Gross disposable income per capita of households and NPISH,USD_PPP_PS,"US dollars per person, PPP converted",NAAG_V,Part V: Households,2016,,21291.8728491478,,N,Neither seasonally adjusted nor calendar adjusted,W,World,S1M,Households and non-profit institutions serving households (NPISH),S1,Total economy,_Z,Not applicable,B,Balance (revenue minus expenditure),B6G_POP,"Disposable income, gross, per capita",_Z,Not applicable,,,,,,,,,,,V,Current prices,N,Non transformed data,,,,,,,F,Free (free for publication),2,Two,A,Normal value,0,Units,USD,US dollar
DATAFLOW,OECD.SDD.NAD:DSD_NAAG@DF_NAAG_V(1.0),NAAG Chapter 5: Households,I,A,Annual,SWE,Sweden,B6GS1M_POP,Gross disposable income per capita of households and NPISH,USD_PPP_PS,"US dollars per person, PPP converted",NAAG_V,Part V: Households,2016,,24096.7451831218,,N,Neither seasonally adjusted nor calendar adjusted,W,World,S1M,Households and non-profit institutions serving households (NPISH),S1,Total economy,_Z,Not applicable,B,Balance (revenue minus expenditure),B6G_POP,"Disposable income, gross, per capita",_Z,Not applicable,,,,,,,,,,,V,Current prices,N,Non transformed data,,,,,,,F,Free (free for publication),2,Two,A,Normal value,0,Units,USD,US dollar
DATAFLOW,OECD.SDD.NAD:DSD_NAAG@DF_NAAG_V(1.0),NAAG Chapter 5: Households,I,A,Annual,AUT,Austria,B6GS1M_POP,Gross disposable income per capita of households and NPISH,USD_PPP_PS,"US dollars per person, PPP converted",NAAG_V,Part V: Households,2017,,29669.2935478344,,N,Neither seasonally adjusted nor calendar adjusted,W,World,S1M,Households and non-profit institutions serving households (NPISH),S1,Total economy,_Z,Not applicable,B,Balance (revenue minus expenditure),B6G_POP,"Disposable income, gross, per capita",_Z,Not applicable,,,,,,,,,,,V,Current prices,N,Non transformed data,,,,,,,F,Free (free for publication),2,Two,A,Normal value,0,Units,USD,US dollar
DATAFLOW,OECD.SDD.NAD:DSD_NAAG@DF_NAAG_V(1.0),NAAG Chapter 5: Households,I,A,Annual,FRA,France,B6GS1M_POP,Gross disposable income per capita of households and NPISH,USD_PPP_PS,"US dollars per person, PPP converted",NAAG_V,Part V: Households,2017,,25436.327661389,,N,Neither seasonally adjusted nor calendar adjusted,W,World,S1M,Households and non-profit institutions serving households (NPISH),S1,Total economy,_Z,Not applicable,B,Balance (revenue minus expenditure),B6G_POP,"Disposable income, gross, per capita",_Z,Not applicable,,,,,,,,,,,V,Current prices,N,Non transformed data,,,,,,,F,Free (free for publication),2,Two,A,Normal value,0,Units,USD,US dollar
DATAFLOW,OECD.SDD.NAD:DSD_NAAG@DF_NAAG_V(1.0),NAAG Chapter 5: Households,I,A,Annual,DEU,Germany,B6GS1M_POP,Gross disposable income per capita of households and NPISH,USD_PPP_PS,"US dollars per person, PPP converted",NAAG_V,Part V: Households,2017,,31570.8974904355,,N,Neither seasonally adjusted nor calendar adjusted,W,World,S1M,Households and non-profit institutions serving households (NPISH),S1,Total economy,_Z,Not applicable,B,Balance (revenue minus expenditure),B6G_POP,"Disposable income, gross, per capita",_Z,Not applicable,,,,,,,,,,,V,Current prices,N,Non transformed data,,,,,,,F,Free (free for publication),2,Two,A,Normal value,0,Units,USD,US dollar
DATAFLOW,OECD.SDD.NAD:DSD_NAAG@DF_NAAG_V(1.0),NAAG Chapter 5: Households,I,A,Annual,ITA,Italy,B6GS1M_POP,Gross disposable income per capita of households and NPISH,USD_PPP_PS,"US dollars per person, PPP converted",NAAG_V,Part V: Households,2017,,25126.1328995091,,N,Neither seasonally adjusted nor calendar adjusted,W,World,S1M,Households and non-profit institutions serving households (NPISH),S1,Total economy,_Z,Not applicable,B,Balance (revenue minus expenditure),B6G_POP,"Disposable income, gross, per capita",_Z,Not applicable,,,,,,,,,,,V,Current prices,N,Non transformed data,,,,,,,F,Free (free for publication),2,Two,A,Normal value,0,Units,USD,US dollar
DATAFLOW,OECD.SDD.NAD:DSD_NAAG@DF_NAAG_V(1.0),NAAG Chapter 5: Households,I,A,Annual,NLD,Netherlands,B6GS1M_POP,Gross disposable income per capita of households and NPISH,USD_PPP_PS,"US dollars per person, PPP converted",NAAG_V,Part V: Households,2017,,24635.4730672024,,N,Neither seasonally adjusted nor calendar adjusted,W,World,S1M,Households and non-profit institutions serving households (NPISH),S1,Total economy,_Z,Not applicable,B,Balance (revenue minus expenditure),B6G_POP,"Disposable income, gross, per capita",_Z,Not applicable,,,,,,,,,,,V,Current prices,N,Non transformed data,,,,,,,F,Free (free for publication),2,Two,A,Normal value,0,Units,USD,US dollar
DATAFLOW,OECD.SDD.NAD:DSD_NAAG@DF_NAAG_V(1.0),NAAG Chapter 5: Households,I,A,Annual,POL,Poland,B6GS1M_POP,Gross disposable income per capita of households and NPISH,USD_PPP_PS,"US dollars per person, PPP converted",NAAG_V,Part V: Households,2017,,17606.7892099064,,N,Neither seasonally adjusted nor calendar adjusted,W,World,S1M,Households and non-profit institutions serving households (NPISH),S1,Total economy,_Z,Not applicable,B,Balance (revenue minus expenditure),B6G_POP,"Disposable income, gross, per capita",_Z,Not applicable,,,,,,,,,,,V,Current prices,N,Non transformed data,,,,,,,F,Free (free for publication),2,Two,A,Normal value,0,Units,USD,US dollar
DATAFLOW,OECD.SDD.NAD:DSD_NAAG@DF_NAAG_V(1.0),NAAG Chapter 5: Households,I,A,Annual,PRT,Portugal,B6GS1M_POP,Gross disposable income per capita of households and NPISH,USD_PPP_PS,"US dollars per person, PPP converted",NAAG_V,Part V: Households,2017,,19499.2925880965,,N,Neither seasonally adjusted nor calendar adjusted,W,World,S1M,Households and non-profit institutions serving households (NPISH),S1,Total economy,_Z,Not applicable,B,Balance (revenue minus expenditure),B6G_POP,"Disposable income, gross, per capita",_Z,Not applicable,,,,,,,,,,,V,Current prices,N,Non transformed data,,,,,,,F,Free (free for publication),2,Two,A,Normal value,0,Units,USD,US dollar
DATAFLOW,OECD.SDD.NAD:DSD_NAAG@DF_NAAG_V(1.0),NAAG Chapter 5: Households,I,A,Annual,ESP,Spain,B6GS1M_POP,Gross disposable income per capita of households and NPISH,USD_PPP_PS,"US dollars per person, PPP converted",NAAG_V,Part V: Households,2017,,22141.1356335517,,N,Neither seasonally adjusted nor calendar adjusted,W,World,S1M,Households and non-profit institutions serving households (NPISH),S1,Total economy,_Z,Not applicable,B,Balance (revenue minus expenditure),B6G_POP,"Disposable income, gross, per capita",_Z,Not applicable,,,,,,,,,,,V,Current prices,N,Non transformed data,,,,,,,F,Free (free for publication),2,Two,A,Normal value,0,Units,USD,US dollar
DATAFLOW,OECD.SDD.NAD:DSD_NAAG@DF_NAAG_V(1.0),NAAG Chapter 5: Households,I,A,Annual,SWE,Sweden,B6GS1M_POP,Gross disposable income per capita of households and NPISH,USD_PPP_PS,"US dollars per person, PPP converted",NAAG_V,Part V: Households,2017,,24320.3505916693,,N,Neither seasonally adjusted nor calendar adjusted,W,World,S1M,Households and non-profit institutions serving households (NPISH),S1,Total economy,_Z,Not applicable,B,Balance (revenue minus expenditure),B6G_POP,"Disposable income, gross, per capita",_Z,Not applicable,,,,,,,,,,,V,Current prices,N,Non transformed data,,,,,,,F,Free (free for publication),2,Two,A,Normal value,0,Units,USD,US dollar
DATAFLOW,OECD.SDD.NAD:DSD_NAAG@DF_NAAG_V(1.0),NAAG Chapter 5: Households,I,A,Annual,AUT,Austria,B6GS1M_POP,Gross disposable income per capita of households and NPISH,USD_PPP_PS,"US dollars per person, PPP converted",NAAG_V,Part V: Households,2018,,30955.2644647497,,N,Neither seasonally adjusted nor calendar adjusted,W,World,S1M,Households and non-profit institutions serving households (NPISH),S1,Total economy,_Z,Not applicable,B,Balance (revenue minus expenditure),B6G_POP,"Disposable income, gross, per capita",_Z,Not applicable,,,,,,,,,,,V,Current prices,N,Non transformed data,,,,,,,F,Free (free for publication),2,Two,A,Normal value,0,Units,USD,US dollar
DATAFLOW,OECD.SDD.NAD:DSD_NAAG@DF_NAAG_V(1.0),NAAG Chapter 5: Households,I,A,Annual,FRA,France,B6GS1M_POP,Gross disposable income per capita of households and NPISH,USD_PPP_PS,"US dollars per person, PPP converted",NAAG_V,Part V: Households,2018,,26257.1585330353,,N,Neither seasonally adjusted nor calendar adjusted,W,World,S1M,Households and non-profit institutions serving households (NPISH),S1,Total economy,_Z,Not applicable,B,Balance (revenue minus expenditure),B6G_POP,"Disposable income, gross, per capita",_Z,Not applicable,,,,,,,,,,,V,Current prices,N,Non transformed data,,,,,,,F,Free (free for publication),2,Two,A,Normal value,0,Units,USD,US dollar
DATAFLOW,OECD.SDD.NAD:DSD_NAAG@DF_NAAG_V(1.0),NAAG Chapter 5: Households,I,A,Annual,DEU,Germany,B6GS1M_POP,Gross disposable income per capita of households and NPISH,USD_PPP_PS,"US dollars per person, PPP converted",NAAG_V,Part V: Households,2018,,33615.1802446285,,N,Neither seasonally adjusted nor calendar adjusted,W,World,S1M,Households and non-profit institutions serving households (NPISH),S1,Total economy,_Z,Not applicable,B,Balance (revenue minus expenditure),B6G_POP,"Disposable income, gross, per capita",_Z,Not applicable,,,,,,,,,,,V,Current prices,N,Non transformed data,,,,,,,F,Free (free for publication),2,Two,A,Normal value,0,Units,USD,US dollar
DATAFLOW,OECD.SDD.NAD:DSD_NAAG@DF_NAAG_V(1.0),NAAG Chapter 5: Households,I,A,Annual,ITA,Italy,B6GS1M_POP,Gross disposable income per capita of households and NPISH,USD_PPP_PS,"US dollars per person, PPP converted",NAAG_V,Part V: Households,2018,,26071.5681744759,,N,Neither seasonally adjusted nor calendar adjusted,W,World,S1M,Households and non-profit institutions serving households (NPISH),S1,Total economy,_Z,Not applicable,B,Balance (revenue minus expenditure),B6G_POP,"Disposable income, gross, per capita",_Z,Not applicable,,,,,,,,,,,V,Current prices,N,Non transformed data,,,,,,,F,Free (free for publication),2,Two,A,Normal value,0,Units,USD,US dollar
DATAFLOW,OECD.SDD.NAD:DSD_NAAG@DF_NAAG_V(1.0),NAAG Chapter 5: Households,I,A,Annual,NLD,Netherlands,B6GS1M_POP,Gross disposable income per capita of households and NPISH,USD_PPP_PS,"US dollars per person, PPP converted",NAAG_V,Part V: Households,2018,,26331.0589370117,,N,Neither seasonally adjusted nor calendar adjusted,W,World,S1M,Households and non-profit institutions serving households (NPISH),S1,Total economy,_Z,Not applicable,B,Balance (revenue minus expenditure),B6G_POP,"Disposable income, gross, per capita",_Z,Not applicable,,,,,,,,,,,V,Current prices,N,Non transformed data,,,,,,,F,Free (free for publication),2,Two,A,Normal value,0,Units,USD,US dollar
DATAFLOW,OECD.SDD.NAD:DSD_NAAG@DF_NAAG_V(1.0),NAAG Chapter 5: Households,I,A,Annual,POL,Poland,B6GS1M_POP,Gross disposable income per capita of households and NPISH,USD_PPP_PS,"US dollars per person, PPP converted",NAAG_V,Part V: Households,2018,,18647.8538872944,,N,Neither seasonally adjusted nor calendar adjusted,W,World,S1M,Households and non-profit institutions serving households (NPISH),S1,Total economy,_Z,Not applicable,B,Balance (revenue minus expenditure),B6G_POP,"Disposable income, gross, per capita",_Z,Not applicable,,,,,,,,,,,V,Current prices,N,Non transformed data,,,,,,,F,Free (free for publication),2,Two,A,Normal value,0,Units,USD,US dollar
DATAFLOW,OECD.SDD.NAD:DSD_NAAG@DF_NAAG_V(1.0),NAAG Chapter 5: Households,I,A,Annual,PRT,Portugal,B6GS1M_POP,Gross disposable income per capita of households and NPISH,USD_PPP_PS,"US dollars per person, PPP converted",NAAG_V,Part V: Households,2018,,20932.5312141941,,N,Neither seasonally adjusted nor calendar adjusted,W,World,S1M,Households and non-profit institutions serving households (NPISH),S1,Total economy,_Z,Not applicable,B,Balance (revenue minus expenditure),B6G_POP,"Disposable income, gross, per capita",_Z,Not applicable,,,,,,,,,,,V,Current prices,N,Non transformed data,,,,,,,F,Free (free for publication),2,Two,A,Normal value,0,Units,USD,US dollar
DATAFLOW,OECD.SDD.NAD:DSD_NAAG@DF_NAAG_V(1.0),NAAG Chapter 5: Households,I,A,Annual,ESP,Spain,B6GS1M_POP,Gross disposable income per capita of households and NPISH,USD_PPP_PS,"US dollars per person, PPP converted",NAAG_V,Part V: Households,2018,,22663.3314861856,,N,Neither seasonally adjusted nor calendar adjusted,W,World,S1M,Households and non-profit institutions serving households (NPISH),S1,Total economy,_Z,Not applicable,B,Balance (revenue minus expenditure),B6G_POP,"Disposable income, gross, per capita",_Z,Not applicable,,,,,,,,,,,V,Current prices,N,Non transformed data,,,,,,,F,Free (free for publication),2,Two,A,Normal value,0,Units,USD,US dollar
DATAFLOW,OECD.SDD.NAD:DSD_NAAG@DF_NAAG_V(1.0),NAAG Chapter 5: Households,I,A,Annual,SWE,Sweden,B6GS1M_POP,Gross disposable income per capita of households and NPISH,USD_PPP_PS,"US dollars per person, PPP converted",NAAG_V,Part V: Households,2018,,25110.7219262903,,N,Neither seasonally adjusted nor calendar adjusted,W,World,S1M,Households and non-profit institutions serving households (NPISH),S1,Total economy,_Z,Not applicable,B,Balance (revenue minus expenditure),B6G_POP,"Disposable income, gross, per capita",_Z,Not applicable,,,,,,,,,,,V,Current prices,N,Non transformed data,,,,,,,F,Free (free for publication),2,Two,A,Normal value,0,Units,USD,US dollar
DATAFLOW,OECD.SDD.NAD:DSD_NAAG@DF_NAAG_V(1.0),NAAG Chapter 5: Households,I,A,Annual,AUT,Austria,B6GS1M_POP,Gross disposable income per capita of households and NPISH,USD_PPP_PS,"US dollars per person, PPP converted",NAAG_V,Part V: Households,2019,,32303.4885728736,,N,Neither seasonally adjusted nor calendar adjusted,W,World,S1M,Households and non-profit institutions serving households (NPISH),S1,Total economy,_Z,Not applicable,B,Balance (revenue minus expenditure),B6G_POP,"Disposable income, gross, per capita",_Z,Not applicable,,,,,,,,,,,V,Current prices,N,Non transformed data,,,,,,,F,Free (free for publication),2,Two,A,Normal value,0,Units,USD,US dollar
DATAFLOW,OECD.SDD.NAD:DSD_NAAG@DF_NAAG_V(1.0),NAAG Chapter 5: Households,I,A,Annual,FRA,France,B6GS1M_POP,Gross disposable income per capita of households and NPISH,USD_PPP_PS,"US dollars per person, PPP converted",NAAG_V,Part V: Households,2019,,28146.378960002,,N,Neither seasonally adjusted nor calendar adjusted,W,World,S1M,Households and non-profit institutions serving households (NPISH),S1,Total economy,_Z,Not applicable,B,Balance (revenue minus expenditure),B6G_POP,"Disposable income, gross, per capita",_Z,Not applicable,,,,,,,,,,,V,Current prices,N,Non transformed data,,,,,,,F,Free (free for publication),2,Two,A,Normal value,0,Units,USD,US dollar
DATAFLOW,OECD.SDD.NAD:DSD_NAAG@DF_NAAG_V(1.0),NAAG Chapter 5: Households,I,A,Annual,DEU,Germany,B6GS1M_POP,Gross disposable income per capita of households and NPISH,USD_PPP_PS,"US dollars per person, PPP converted",NAAG_V,Part V: Households,2019,,35351.7793839047,,N,Neither seasonally adjusted nor calendar adjusted,W,World,S1M,Households and non-profit institutions serving households (NPISH),S1,Total economy,_Z,Not applicable,B,Balance (revenue minus expenditure),B6G_POP,"Disposable income, gross, per capita",_Z,Not applicable,,,,,,,,,,,V,Current prices,N,Non transformed data,,,,,,,F,Free (free for publication),2,Two,A,Normal value,0,Units,USD,US dollar
DATAFLOW,OECD.SDD.NAD:DSD_NAAG@DF_NAAG_V(1.0),NAAG Chapter 5: Households,I,A,Annual,ITA,Italy,B6GS1M_POP,Gross disposable income per capita of households and NPISH,USD_PPP_PS,"US dollars per person, PPP converted",NAAG_V,Part V: Households,2019,,27735.3873028427,,N,Neither seasonally adjusted nor calendar adjusted,W,World,S1M,Households and non-profit institutions serving households (NPISH),S1,Total economy,_Z,Not applicable,B,Balance (revenue minus expenditure),B6G_POP,"Disposable income, gross, per capita",_Z,Not applicable,,,,,,,,,,,V,Current prices,N,Non transformed data,,,,,,,F,Free (free for publication),2,Two,A,Normal value,0,Units,USD,US dollar
DATAFLOW,OECD.SDD.NAD:DSD_NAAG@DF_NAAG_V(1.0),NAAG Chapter 5: Households,I,A,Annual,NLD,Netherlands,B6GS1M_POP,Gross disposable income per capita of households and NPISH,USD_PPP_PS,"US dollars per person, PPP converted",NAAG_V,Part V: Households,2019,,27862.3332214236,,N,Neither seasonally adjusted nor calendar adjusted,W,World,S1M,Households and non-profit institutions serving households (NPISH),S1,Total economy,_Z,Not applicable,B,Balance (revenue minus expenditure),B6G_POP,"Disposable income, gross, per capita",_Z,Not applicable,,,,,,,,,,,V,Current prices,N,Non transformed data,,,,,,,F,Free (free for publication),2,Two,A,Normal value,0,Units,USD,US dollar
DATAFLOW,OECD.SDD.NAD:DSD_NAAG@DF_NAAG_V(1.0),NAAG Chapter 5: Households,I,A,Annual,POL,Poland,B6GS1M_POP,Gross disposable income per capita of households and NPISH,USD_PPP_PS,"US dollars per person, PPP converted",NAAG_V,Part V: Households,2019,,20408.1096676147,,N,Neither seasonally adjusted nor calendar adjusted,W,World,S1M,Households and non-profit institutions serving households (NPISH),S1,Total economy,_Z,Not applicable,B,Balance (revenue minus expenditure),B6G_POP,"Disposable income, gross, per capita",_Z,Not applicable,,,,,,,,,,,V,Current prices,N,Non transformed data,,,,,,,F,Free (free for publication),2,Two,A,Normal value,0,Units,USD,US dollar
DATAFLOW,OECD.SDD.NAD:DSD_NAAG@DF_NAAG_V(1.0),NAAG Chapter 5: Households,I,A,Annual,PRT,Portugal,B6GS1M_POP,Gross disposable income per capita of households and NPISH,USD_PPP_PS,"US dollars per person, PPP converted",NAAG_V,Part V: Households,2019,,22708.1291276948,,N,Neither seasonally adjusted nor calendar adjusted,W,World,S1M,Households and non-profit institutions serving households (NPISH),S1,Total economy,_Z,Not applicable,B,Balance (revenue minus expenditure),B6G_POP,"Disposable income, gross, per capita",_Z,Not applicable,,,,,,,,,,,V,Current prices,N,Non transformed data,,,,,,,F,Free (free for publication),2,Two,A,Normal value,0,Units,USD,US dollar
DATAFLOW,OECD.SDD.NAD:DSD_NAAG@DF_NAAG_V(1.0),NAAG Chapter 5: Households,I,A,Annual,ESP,Spain,B6GS1M_POP,Gross disposable income per capita of households and NPISH,USD_PPP_PS,"US dollars per person, PPP converted",NAAG_V,Part V: Households,2019,,24582.9902204603,,N,Neither seasonally adjusted nor calendar adjusted,W,World,S1M,Households and non-profit institutions serving households (NPISH),S1,Total economy,_Z,Not applicable,B,Balance (revenue minus expenditure),B6G_POP,"Disposable income, gross, per capita",_Z,Not applicable,,,,,,,,,,,V,Current prices,N,Non transformed data,,,,,,,F,Free (free for publication),2,Two,A,Normal value,0,Units,USD,US dollar
DATAFLOW,OECD.SDD.NAD:DSD_NAAG@DF_NAAG_V(1.0),NAAG Chapter 5: Households,I,A,Annual,SWE,Sweden,B6GS1M_POP,Gross disposable income per capita of households and NPISH,USD_PPP_PS,"US dollars per person, PPP converted",NAAG_V,Part V: Households,2019,,26452.0793485664,,N,Neither seasonally adjusted nor calendar adjusted,W,World,S1M,Households and non-profit institutions serving households (NPISH),S1,Total economy,_Z,Not applicable,B,Balance (revenue minus expenditure),B6G_POP,"Disposable income, gross, per capita",_Z,Not applicable,,,,,,,,,,,V,Current prices,N,Non transformed data,,,,,,,F,Free (free for publication),2,Two,A,Normal value,0,Units,USD,US dollar
DATAFLOW,OECD.SDD.NAD:DSD_NAAG@DF_NAAG_V(1.0),NAAG Chapter 5: Households,I,A,Annual,AUT,Austria,B6GS1M_POP,Gross disposable income per capita of households and NPISH,USD_PPP_PS,"US dollars per person, PPP converted",NAAG_V,Part V: Households,2020,,33227.8687007825,,N,Neither seasonally adjusted nor calendar adjusted,W,World,S1M,Households and non-profit institutions serving households (NPISH),S1,Total economy,_Z,Not applicable,B,Balance (revenue minus expenditure),B6G_POP,"Disposable income, gross, per capita",_Z,Not applicable,,,,,,,,,,,V,Current prices,N,Non transformed data,,,,,,,F,Free (free for publication),2,Two,A,Normal value,0,Units,USD,US dollar
DATAFLOW,OECD.SDD.NAD:DSD_NAAG@DF_NAAG_V(1.0),NAAG Chapter 5: Households,I,A,Annual,FRA,France,B6GS1M_POP,Gross disposable income per capita of households and NPISH,USD_PPP_PS,"US dollars per person, PPP converted",NAAG_V,Part V: Households,2020,,28877.5207135287,,N,Neither seasonally adjusted nor calendar adjusted,W,World,S1M,Households and non-profit institutions serving households (NPISH),S1,Total economy,_Z,Not applicable,B,Balance (revenue minus expenditure),B6G_POP,"Disposable income, gross, per capita",_Z,Not applicable,,,,,,,,,,,V,Current prices,N,Non transformed data,,,,,,,F,Free (free for publication),2,Two,A,Normal value,0,Units,USD,US dollar
DATAFLOW,OECD.SDD.NAD:DSD_NAAG@DF_NAAG_V(1.0),NAAG Chapter 5: Households,I,A,Annual,DEU,Germany,B6GS1M_POP,Gross disposable income per capita of households and NPISH,USD_PPP_PS,"US dollars per person, PPP converted",NAAG_V,Part V: Households,2020,,36071.5163052037,,N,Neither seasonally adjusted nor calendar adjusted,W,World,S1M,Households and non-profit institutions serving households (NPISH),S1,Total economy,_Z,Not applicable,B,Balance (revenue minus expenditure),B6G_POP,"Disposable income, gross, per capita",_Z,Not applicable,,,,,,,,,,,V,Current prices,N,Non transformed data,,,,,,,F,Free (free for publication),2,Two,A,Normal value,0,Units,USD,US dollar
DATAFLOW,OECD.SDD.NAD:DSD_NAAG@DF_NAAG_V(1.0),NAAG Chapter 5: Households,I,A,Annual,ITA,Italy,B6GS1M_POP,Gross disposable income per capita of households and NPISH,USD_PPP_PS,"US dollars per person, PPP converted",NAAG_V,Part V: Households,2020,,27597.9951536661,,N,Neither seasonally adjusted nor calendar adjusted,W,World,S1M,Households and non-profit institutions serving households (NPISH),S1,Total economy,_Z,Not applicable,B,Balance (revenue minus expenditure),B6G_POP,"Disposable income, gross, per capita",_Z,Not applicable,,,,,,,,,,,V,Current prices,N,Non transformed data,,,,,,,F,Free (free for publication),2,Two,A,Normal value,0,Units,USD,US dollar
DATAFLOW,OECD.SDD.NAD:DSD_NAAG@DF_NAAG_V(1.0),NAAG Chapter 5: Households,I,A,Annual,NLD,Netherlands,B6GS1M_POP,Gross disposable income per capita of households and NPISH,USD_PPP_PS,"US dollars per person, PPP converted",NAAG_V,Part V: Households,2020,,29584.1274978051,,N,Neither seasonally adjusted nor calendar adjusted,W,World,S1M,Households and non-profit institutions serving households (NPISH),S1,Total economy,_Z,Not applicable,B,Balance (revenue minus expenditure),B6G_POP,"Disposable income, gross, per capita",_Z,Not applicable,,,,,,,,,,,V,Current prices,N,Non transformed data,,,,,,,F,Free (free for publication),2,Two,A,Normal value,0,Units,USD,US dollar
DATAFLOW,OECD.SDD.NAD:DSD_NAAG@DF_NAAG_V(1.0),NAAG Chapter 5: Households,I,A,Annual,PRT,Portugal,B6GS1M_POP,Gross disposable income per capita of households and NPISH,USD_PPP_PS,"US dollars per person, PPP converted",NAAG_V,Part V: Households,2020,,22161.783063019,,N,Neither seasonally adjusted nor calendar adjusted,W,World,S1M,Households and non-profit institutions serving households (NPISH),S1,Total economy,_Z,Not applicable,B,Balance (revenue minus expenditure),B6G_POP,"Disposable income, gross, per capita",_Z,Not applicable,,,,,,,,,,,V,Current prices,N,Non transformed data,,,,,,,F,Free (free for publication),2,Two,A,Normal value,0,Units,USD,US dollar
DATAFLOW,OECD.SDD.NAD:DSD_NAAG@DF_NAAG_V(1.0),NAAG Chapter 5: Households,I,A,Annual,ESP,Spain,B6GS1M_POP,Gross disposable income per capita of households and NPISH,USD_PPP_PS,"US dollars per person, PPP converted",NAAG_V,Part V: Households,2020,,23782.4678049223,,N,Neither seasonally adjusted nor calendar adjusted,W,World,S1M,Households and non-profit institutions serving households (NPISH),S1,Total economy,_Z,Not applicable,B,Balance (revenue minus expenditure),B6G_POP,"Disposable income, gross, per capita",_Z,Not applicable,,,,,,,,,,,V,Current prices,N,Non transformed data,,,,,,,F,Free (free for publication),2,Two,A,Normal value,0,Units,USD,US dollar
DATAFLOW,OECD.SDD.NAD:DSD_NAAG@DF_NAAG_V(1.0),NAAG Chapter 5: Households,I,A,Annual,SWE,Sweden,B6GS1M_POP,Gross disposable income per capita of households and NPISH,USD_PPP_PS,"US dollars per person, PPP converted",NAAG_V,Part V: Households,2020,,26668.6472773817,,N,Neither seasonally adjusted nor calendar adjusted,W,World,S1M,Households and non-profit institutions serving households (NPISH),S1,Total economy,_Z,Not applicable,B,Balance (revenue minus expenditure),B6G_POP,"Disposable income, gross, per capita",_Z,Not applicable,,,,,,,,,,,V,Current prices,N,Non transformed data,,,,,,,F,Free (free for publication),2,Two,A,Normal value,0,Units,USD,US dollar
DATAFLOW,OECD.SDD.NAD:DSD_NAAG@DF_NAAG_V(1.0),NAAG Chapter 5: Households,I,A,Annual,AUT,Austria,B6GS1M_POP,Gross disposable income per capita of households and NPISH,USD_PPP_PS,"US dollars per person, PPP converted",NAAG_V,Part V: Households,2021,,36068.9177746048,,N,Neither seasonally adjusted nor calendar adjusted,W,World,S1M,Households and non-profit institutions serving households (NPISH),S1,Total economy,_Z,Not applicable,B,Balance (revenue minus expenditure),B6G_POP,"Disposable income, gross, per capita",_Z,Not applicable,,,,,,,,,,,V,Current prices,N,Non transformed data,,,,,,,F,Free (free for publication),2,Two,A,Normal value,0,Units,USD,US dollar
DATAFLOW,OECD.SDD.NAD:DSD_NAAG@DF_NAAG_V(1.0),NAAG Chapter 5: Households,I,A,Annual,FRA,France,B6GS1M_POP,Gross disposable income per capita of households and NPISH,USD_PPP_PS,"US dollars per person, PPP converted",NAAG_V,Part V: Households,2021,,30167.6571699568,,N,Neither seasonally adjusted nor calendar adjusted,W,World,S1M,Households and non-profit institutions serving households (NPISH),S1,Total economy,_Z,Not applicable,B,Balance (revenue minus expenditure),B6G_POP,"Disposable income, gross, per capita",_Z,Not applicable,,,,,,,,,,,V,Current prices,N,Non transformed data,,,,,,,F,Free (free for publication),2,Two,A,Normal value,0,Units,USD,US dollar
DATAFLOW,OECD.SDD.NAD:DSD_NAAG@DF_NAAG_V(1.0),NAAG Chapter 5: Households,I,A,Annual,DEU,Germany,B6GS1M_POP,Gross disposable income per capita of households and NPISH,USD_PPP_PS,"US dollars per person, PPP converted",NAAG_V,Part V: Households,2021,,37802.9092037468,,N,Neither seasonally adjusted nor calendar adjusted,W,World,S1M,Households and non-profit institutions serving households (NPISH),S1,Total economy,_Z,Not applicable,B,Balance (revenue minus expenditure),B6G_POP,"Disposable income, gross, per capita",_Z,Not applicable,,,,,,,,,,,V,Current prices,N,Non transformed data,,,,,,,F,Free (free for publication),2,Two,A,Normal value,0,Units,USD,US dollar
DATAFLOW,OECD.SDD.NAD:DSD_NAAG@DF_NAAG_V(1.0),NAAG Chapter 5: Households,I,A,Annual,ITA,Italy,B6GS1M_POP,Gross disposable income per capita of households and NPISH,USD_PPP_PS,"US dollars per person, PPP converted",NAAG_V,Part V: Households,2021,,29693.0908612082,,N,Neither seasonally adjusted nor calendar adjusted,W,World,S1M,Households and non-profit institutions serving households (NPISH),S1,Total economy,_Z,Not applicable,B,Balance (revenue minus expenditure),B6G_POP,"Disposable income, gross, per capita",_Z,Not applicable,,,,,,,,,,,V,Current prices,N,Non transformed data,,,,,,,F,Free (free for publication),2,Two,A,Normal value,0,Units,USD,US dollar
DATAFLOW,OECD.SDD.NAD:DSD_NAAG@DF_NAAG_V(1.0),NAAG Chapter 5: Households,I,A,Annual,NLD,Netherlands,B6GS1M_POP,Gross disposable income per capita of households and NPISH,USD_PPP_PS,"US dollars per person, PPP converted",NAAG_V,Part V: Households,2021,,31805.6682416027,,N,Neither seasonally adjusted nor calendar adjusted,W,World,S1M,Households and non-profit institutions serving households (NPISH),S1,Total economy,_Z,Not applicable,B,Balance (revenue minus expenditure),B6G_POP,"Disposable income, gross, per capita",_Z,Not applicable,,,,,,,,,,,V,Current prices,N,Non transformed data,,,,,,,F,Free (free for publication),2,Two,A,Normal value,0,Units,USD,US dollar
DATAFLOW,OECD.SDD.NAD:DSD_NAAG@DF_NAAG_V(1.0),NAAG Chapter 5: Households,I,A,Annual,POL,Poland,B6GS1M_POP,Gross disposable income per capita of households and NPISH,USD_PPP_PS,"US dollars per person, PPP converted",NAAG_V,Part V: Households,2021,,22219.5946144756,,N,Neither seasonally adjusted nor calendar adjusted,W,World,S1M,Households and non-profit institutions serving households (NPISH),S1,Total economy,_Z,Not applicable,B,Balance (revenue minus expenditure),B6G_POP,"Disposable income, gross, per capita",_Z,Not applicable,,,,,,,,,,,V,Current prices,N,Non transformed data,,,,,,,F,Free (free for publication),2,Two,A,Normal value,0,Units,USD,US dollar
DATAFLOW,OECD.SDD.NAD:DSD_NAAG@DF_NAAG_V(1.0),NAAG Chapter 5: Households,I,A,Annual,PRT,Portugal,B6GS1M_POP,Gross disposable income per capita of households and NPISH,USD_PPP_PS,"US dollars per person, PPP converted",NAAG_V,Part V: Households,2021,,24159.1961141371,,N,Neither seasonally adjusted nor calendar adjusted,W,World,S1M,Households and non-profit institutions serving households (NPISH),S1,Total economy,_Z,Not applicable,B,Balance (revenue minus expenditure),B6G_POP,"Disposable income, gross, per capita",_Z,Not applicable,,,,,,,,,,,V,Current prices,N,Non transformed data,,,,,,,F,Free (free for publication),2,Two,A,Normal value,0,Units,USD,US dollar
DATAFLOW,OECD.SDD.NAD:DSD_NAAG@DF_NAAG_V(1.0),NAAG Chapter 5: Households,I,A,Annual,ESP,Spain,B6GS1M_POP,Gross disposable income per capita of households and NPISH,USD_PPP_PS,"US dollars per person, PPP converted",NAAG_V,Part V: Households,2021,,26175.863403135,,N,Neither seasonally adjusted nor calendar adjusted,W,World,S1M,Households and non-profit institutions serving households (NPISH),S1,Total economy,_Z,Not applicable,B,Balance (revenue minus expenditure),B6G_POP,"Disposable income, gross, per capita",_Z,Not applicable,,,,,,,,,,,V,Current prices,N,Non transformed data,,,,,,,F,Free (free for publication),2,Two,A,Normal value,0,Units,USD,US dollar
DATAFLOW,OECD.SDD.NAD:DSD_NAAG@DF_NAAG_V(1.0),NAAG Chapter 5: Households,I,A,Annual,SWE,Sweden,B6GS1M_POP,Gross disposable income per capita of households and NPISH,USD_PPP_PS,"US dollars per person, PPP converted",NAAG_V,Part V: Households,2021,,28715.6529726117,,N,Neither seasonally adjusted nor calendar adjusted,W,World,S1M,Households and non-profit institutions serving households (NPISH),S1,Total economy,_Z,Not applicable,B,Balance (revenue minus expenditure),B6G_POP,"Disposable income, gross, per capita",_Z,Not applicable,,,,,,,,,,,V,Current prices,N,Non transformed data,,,,,,,F,Free (free for publication),2,Two,A,Normal value,0,Units,USD,US dollar
DATAFLOW,OECD.SDD.NAD:DSD_NAAG@DF_NAAG_V(1.0),NAAG Chapter 5: Households,I,A,Annual,AUT,Austria,B6GS1M_POP,Gross disposable income per capita of households and NPISH,USD_PPP_PS,"US dollars per person, PPP converted",NAAG_V,Part V: Households,2022,,41420.1721980716,,N,Neither seasonally adjusted nor calendar adjusted,W,World,S1M,Households and non-profit institutions serving households (NPISH),S1,Total economy,_Z,Not applicable,B,Balance (revenue minus expenditure),B6G_POP,"Disposable income, gross, per capita",_Z,Not applicable,,,,,,,,,,,V,Current prices,N,Non transformed data,,,,,,,F,Free (free for publication),2,Two,A,Normal value,0,Units,USD,US dollar
DATAFLOW,OECD.SDD.NAD:DSD_NAAG@DF_NAAG_V(1.0),NAAG Chapter 5: Households,I,A,Annual,FRA,France,B6GS1M_POP,Gross disposable income per capita of households and NPISH,USD_PPP_PS,"US dollars per person, PPP converted",NAAG_V,Part V: Households,2022,,33737.7298976999,,N,Neither seasonally adjusted nor calendar adjusted,W,World,S1M,Households and non-profit institutions serving households (NPISH),S1,Total economy,_Z,Not applicable,B,Balance (revenue minus expenditure),B6G_POP,"Disposable income, gross, per capita",_Z,Not applicable,,,,,,,,,,,V,Current prices,N,Non transformed data,,,,,,,F,Free (free for publication),2,Two,A,Normal value,0,Units,USD,US dollar
DATAFLOW,OECD.SDD.NAD:DSD_NAAG@DF_NAAG_V(1.0),NAAG Chapter 5: Households,I,A,Annual,ITA,Italy,B6GS1M_POP,Gross disposable income per capita of households and NPISH,USD_PPP_PS,"US dollars per person, PPP converted",NAAG_V,Part V: Households,2022,,33616.607114809,,N,Neither seasonally adjusted nor calendar adjusted,W,World,S1M,Households and non-profit institutions serving households (NPISH),S1,Total economy,_Z,Not applicable,B,Balance (revenue minus expenditure),B6G_POP,"Disposable income, gross, per capita",_Z,Not applicable,,,,,,,,,,,V,Current prices,N,Non transformed data,,,,,,,F,Free (free for publication),2,Two,A,Normal value,0,Units,USD,US dollar
DATAFLOW,OECD.SDD.NAD:DSD_NAAG@DF_NAAG_V(1.0),NAAG Chapter 5: Households,I,A,Annual,PRT,Portugal,B6GS1M_POP,Gross disposable income per capita of households and NPISH,USD_PPP_PS,"US dollars per person, PPP converted",NAAG_V,Part V: Households,2022,,27674.2212900668,,N,Neither seasonally adjusted nor calendar adjusted,W,World,S1M,Households and non-profit institutions serving households (NPISH),S1,Total economy,_Z,Not applicable,B,Balance (revenue minus expenditure),B6G_POP,"Disposable income, gross, per capita",_Z,Not applicable,,,,,,,,,,,V,Current prices,N,Non transformed data,,,,,,,F,Free (free for publication),2,Two,A,Normal value,0,Units,USD,US dollar
DATAFLOW,OECD.SDD.NAD:DSD_NAAG@DF_NAAG_V(1.0),NAAG Chapter 5: Households,I,A,Annual,ESP,Spain,B6GS1M_POP,Gross disposable income per capita of households and NPISH,USD_PPP_PS,"US dollars per person, PPP converted",NAAG_V,Part V: Households,2022,,28726.1264569898,,N,Neither seasonally adjusted nor calendar adjusted,W,World,S1M,Households and non-profit institutions serving households (NPISH),S1,Total economy,_Z,Not applicable,B,Balance (revenue minus expenditure),B6G_POP,"Disposable income, gross, per capita",_Z,Not applicable,,,,,,,,,,,V,Current prices,N,Non transformed data,,,,,,,F,Free (free for publication),2,Two,A,Normal value,0,Units,USD,US dollar
DATAFLOW,OECD.SDD.NAD:DSD_NAAG@DF_NAAG_V(1.0),NAAG Chapter 5: Households,I,A,Annual,SWE,Sweden,B6GS1M_POP,Gross disposable income per capita of households and NPISH,USD_PPP_PS,"US dollars per person, PPP converted",NAAG_V,Part V: Households,2022,,32100.8629634378,,N,Neither seasonally adjusted nor calendar adjusted,W,World,S1M,Households and non-profit institutions serving households (NPISH),S1,Total economy,_Z,Not applicable,B,Balance (revenue minus expenditure),B6G_POP,"Disposable income, gross, per capita",_Z,Not applicable,,,,,,,,,,,V,Current prices,N,Non transformed data,,,,,,,F,Free (free for publication),2,Two,A,Normal value,0,Units,USD,US dollar
DATAFLOW,OECD.SDD.NAD:DSD_NAAG@DF_NAAG_V(1.0),NAAG Chapter 5: Households,I,A,Annual,AUT,Austria,B6GS1M_POP,Gross disposable income per capita of households and NPISH,USD_PPP_PS,"US dollars per person, PPP converted",NAAG_V,Part V: Households,2023,,43922.8492109943,,N,Neither seasonally adjusted nor calendar adjusted,W,World,S1M,Households and non-profit institutions serving households (NPISH),S1,Total economy,_Z,Not applicable,B,Balance (revenue minus expenditure),B6G_POP,"Disposable income, gross, per capita",_Z,Not applicable,,,,,,,,,,,V,Current prices,N,Non transformed data,,,,,,,F,Free (free for publication),2,Two,A,Normal value,0,Units,USD,US dollar
DATAFLOW,OECD.SDD.NAD:DSD_NAAG@DF_NAAG_V(1.0),NAAG Chapter 5: Households,I,A,Annual,ITA,Italy,B6GS1M_POP,Gross disposable income per capita of households and NPISH,USD_PPP_PS,"US dollars per person, PPP converted",NAAG_V,Part V: Households,2023,,37126.9846258196,,N,Neither seasonally adjusted nor calendar adjusted,W,World,S1M,Households and non-profit institutions serving households (NPISH),S1,Total economy,_Z,Not applicable,B,Balance (revenue minus expenditure),B6G_POP,"Disposable income, gross, per capita",_Z,Not applicable,,,,,,,,,,,V,Current prices,N,Non transformed data,,,,,,,F,Free (free for publication),2,Two,A,Normal value,0,Units,USD,US dollar
DATAFLOW,OECD.SDD.NAD:DSD_NAAG@DF_NAAG_V(1.0),NAAG Chapter 5: Households,I,A,Annual,POL,Poland,B6GS1M_POP,Gross disposable income per capita of households and NPISH,USD_PPP_PS,"US dollars per person, PPP converted",NAAG_V,Part V: Households,2023,,27246.2356822282,,N,Neither seasonally adjusted nor calendar adjusted,W,World,S1M,Households and non-profit institutions serving households (NPISH),S1,Total economy,_Z,Not applicable,B,Balance (revenue minus expenditure),B6G_POP,"Disposable income, gross, per capita",_Z,Not applicable,,,,,,,,,,,V,Current prices,N,Non transformed data,,,,,,,F,Free (free for publication),2,Two,A,Normal value,0,Units,USD,US dollar
DATAFLOW,OECD.SDD.NAD:DSD_NAAG@DF_NAAG_V(1.0),NAAG Chapter 5: Households,I,A,Annual,PRT,Portugal,B6GS1M_POP,Gross disposable income per capita of households and NPISH,USD_PPP_PS,"US dollars per person, PPP converted",NAAG_V,Part V: Households,2023,,31168.9441720063,,N,Neither seasonally adjusted nor calendar adjusted,W,World,S1M,Households and non-profit institutions serving households (NPISH),S1,Total economy,_Z,Not applicable,B,Balance (revenue minus expenditure),B6G_POP,"Disposable income, gross, per capita",_Z,Not applicable,,,,,,,,,,,V,Current prices,N,Non transformed data,,,,,,,F,Free (free for publication),2,Two,A,Normal value,0,Units,USD,US dollar
DATAFLOW,OECD.SDD.NAD:DSD_NAAG@DF_NAAG_V(1.0),NAAG Chapter 5: Households,I,A,Annual,SWE,Sweden,B6GS1M_POP,Gross disposable income per capita of households and NPISH,USD_PPP_PS,"US dollars per person, PPP converted",NAAG_V,Part V: Households,2023,,34234.2463043398,,N,Neither seasonally adjusted nor calendar adjusted,W,World,S1M,Households and non-profit institutions serving households (NPISH),S1,Total economy,_Z,Not applicable,B,Balance (revenue minus expenditure),B6G_POP,"Disposable income, gross, per capita",_Z,Not applicable,,,,,,,,,,,V,Current prices,N,Non transformed data,,,,,,,F,Free (free for publication),2,Two,A,Normal value,0,Units,USD,US dollar
DATAFLOW,OECD.SDD.NAD:DSD_NAAG@DF_NAAG_V(1.0),NAAG Chapter 5: Households,I,A,Annual,AUT,Austria,B6GS1M_POP,Gross disposable income per capita of households and NPISH,USD_PPP_PS,"US dollars per person, PPP converted",NAAG_V,Part V: Households,2024,,46831.2354222379,,N,Neither seasonally adjusted nor calendar adjusted,W,World,S1M,Households and non-profit institutions serving households (NPISH),S1,Total economy,_Z,Not applicable,B,Balance (revenue minus expenditure),B6G_POP,"Disposable income, gross, per capita",_Z,Not applicable,,,,,,,,,,,V,Current prices,N,Non transformed data,,,,,,,F,Free (free for publication),2,Two,A,Normal value,0,Units,USD,US dollar
DATAFLOW,OECD.SDD.NAD:DSD_NAAG@DF_NAAG_V(1.0),NAAG Chapter 5: Households,I,A,Annual,ITA,Italy,B6GS1M_POP,Gross disposable income per capita of households and NPISH,USD_PPP_PS,"US dollars per person, PPP converted",NAAG_V,Part V: Households,2024,,38593.1448247868,,N,Neither seasonally adjusted nor calendar adjusted,W,World,S1M,Households and non-profit institutions serving households (NPISH),S1,Total economy,_Z,Not applicable,B,Balance (revenue minus expenditure),B6G_POP,"Disposable income, gross, per capita",_Z,Not applicable,,,,,,,,,,,V,Current prices,N,Non transformed data,,,,,,,F,Free (free for publication),2,Two,A,Normal value,0,Units,USD,US dollar
DATAFLOW,OECD.SDD.NAD:DSD_NAAG@DF_NAAG_V(1.0),NAAG Chapter 5: Households,I,A,Annual,POL,Poland,B6GS1M_POP,Gross disposable income per capita of households and NPISH,USD_PPP_PS,"US dollars per person, PPP converted",NAAG_V,Part V: Households,2024,,29833.0947721065,,N,Neither seasonally adjusted nor calendar adjusted,W,World,S1M,Households and non-profit institutions serving households (NPISH),S1,Total economy,_Z,Not applicable,B,Balance (revenue minus expenditure),B6G_POP,"Disposable income, gross, per capita",_Z,Not applicable,,,,,,,,,,,V,Current prices,N,Non transformed data,,,,,,,F,Free (free for publication),2,Two,A,Normal value,0,Units,USD,US dollar
DATAFLOW,OECD.SDD.NAD:DSD_NAAG@DF_NAAG_V(1.0),NAAG Chapter 5: Households,I,A,Annual,SWE,Sweden,B6GS1M_POP,Gross disposable income per capita of households and NPISH,USD_PPP_PS,"US dollars per person, PPP converted",NAAG_V,Part V: Households,2024,,35146.5605772367,,N,Neither seasonally adjusted nor calendar adjusted,W,World,S1M,Households and non-profit institutions serving households (NPISH),S1,Total economy,_Z,Not applicable,B,Balance (revenue minus expenditure),B6G_POP,"Disposable income, gross, per capita",_Z,Not applicable,,,,,,,,,,,V,Current prices,N,Non transformed data,,,,,,,F,Free (free for publication),2,Two,A,Normal value,0,Units,USD,US dollar
