STRUCTURE,STRUCTURE_ID,STRUCTURE_NAME,ACTION,REF_AREA,Reference area,MEASURE,Measure,UNIT_MEASURE,Unit of measure,PAY_PERIOD,Pay period,PRICE_BASE,Price base,AGGREGATION_OPERATION,Aggregation operation,SEX,Sex,TIME_PERIOD,Time period,OBS_VALUE,Observation value,BASE_PER,Base period,OBS_STATUS,Observation status,UNIT_MULT,Unit multiplier,DECIMALS,Decimals
DATAFLOW,OECD.ELS.SAE:DSD_EARNINGS@AV_AN_WAGE(1.0),Average annual wages,I,AUT,Austria,WG,Wages,USD_PPP,"US dollars, PPP converted",A,Annual,Q,Constant prices,MEAN,Mean,_Z,Not applicable,2010,,72103.745,,2024,,A,Normal value,0,Units,0,Zero
DATAFLOW,OECD.ELS.SAE:DSD_EARNINGS@AV_AN_WAGE(1.0),Average annual wages,I,AUT,Austria,WG,Wages,USD_PPP,"US dollars, PPP converted",A,Annual,Q,Constant prices,MEAN,Mean,_Z,Not applicable,2011,,71327.643,,2024,,A,Normal value,0,Units,0,Zero
DATAFLOW,OECD.ELS.SAE:DSD_EARNINGS@AV_AN_WAGE(1.0),Average annual wages,I,AUT,Austria,WG,Wages,USD_PPP,"US dollars, PPP converted",A,Annual,Q,Constant prices,MEAN,Mean,_Z,Not applicable,2012,,71731.843,,2024,,A,Normal value,0,Units,0,Zero
DATAFLOW,OECD.ELS.SAE:DSD_EARNINGS@AV_AN_WAGE(1.0),Average annual wages,I,AUT,Austria,WG,Wages,USD_PPP,"US dollars, PPP converted",A,Annual,Q,Constant prices,MEAN,Mean,_Z,Not applicable,2013,,71761.772,,2024,,A,Normal value,0,Units,0,Zero
DATAFLOW,OECD.ELS.SAE:DSD_EARNINGS@AV_AN_WAGE(1.0),Average annual wages,I,AUT,Austria,WG,Wages,USD_PPP,"US dollars, PPP converted",A,Annual,Q,Constant prices,MEAN,Mean,_Z,Not applicable,2014,,72033.928,,2024,,A,Normal value,0,Units,0,Zero
DATAFLOW,OECD.ELS.SAE:DSD_EARNINGS@AV_AN_WAGE(1.0),Average annual wages,I,AUT,Austria,WG,Wages,USD_PPP,"US dollars, PPP converted",A,Annual,Q,Constant prices,MEAN,Mean,_Z,Not applicable,2015,,72558.786,,2024,,A,Normal value,0,Units,0,Zero
DATAFLOW,OECD.ELS.SAE:DSD_EARNINGS@AV_AN_WAGE(1.0),Average annual wages,I,AUT,Austria,WG,Wages,USD_PPP,"US dollars, PPP converted",A,Annual,Q,Constant prices,MEAN,Mean,_Z,Not applicable,2016,,73253.777,,2024,,A,Normal value,0,Units,0,Zero
DATAFLOW,OECD.ELS.SAE:DSD_EARNINGS@AV_AN_WAGE(1.0),Average annual wages,I,AUT,Austria,WG,Wages,USD_PPP,"US dollars, PPP converted",A,Annual,Q,Constant prices,MEAN,Mean,_Z,Not applicable,2017,,73263.137,,2024,,A,Normal value,0,Units,0,Zero
DATAFLOW,OECD.ELS.SAE:DSD_EARNINGS@AV_AN_WAGE(1.0),Average annual wages,I,AUT,Austria,WG,Wages,USD_PPP,"US dollars, PPP converted",A,Annual,Q,Constant prices,MEAN,Mean,_Z,Not applicable,2018,,73540.157,,2024,,A,Normal value,0,Units,0,Zero
DATAFLOW,OECD.ELS.SAE:DSD_EARNINGS@AV_AN_WAGE(1.0),Average annual wages,I,AUT,Austria,WG,Wages,USD_PPP,"US dollars, PPP converted",A,Annual,Q,Constant prices,MEAN,Mean,_Z,Not applicable,2019,,74147.783,,2024,,A,Normal value,0,Units,0,Zero
DATAFLOW,OECD.ELS.SAE:DSD_EARNINGS@AV_AN_WAGE(1.0),Average annual wages,I,AUT,Austria,WG,Wages,USD_PPP,"US dollars, PPP converted",A,Annual,Q,Constant prices,MEAN,Mean,_Z,Not applicable,2020,,74353.046,,2024,,A,Normal value,0,Units,0,Zero
DATAFLOW,OECD.ELS.SAE:DSD_EARNINGS@AV_AN_WAGE(1.0),Average annual wages,I,AUT,Austria,WG,Wages,USD_PPP,"US dollars, PPP converted",A,Annual,Q,Constant prices,MEAN,Mean,_Z,Not applicable,2021,,75501.799,,2024,,A,Normal value,0,Units,0,Zero
DATAFLOW,OECD.ELS.SAE:DSD_EARNINGS@AV_AN_WAGE(1.0),Average annual wages,I,AUT,Austria,WG,Wages,USD_PPP,"US dollars, PPP converted",A,Annual,Q,Constant prices,MEAN,Mean,_Z,Not applicable,2022,,73761.494,,2024,,A,Normal value,0,Units,0,Zero
DATAFLOW,OECD.ELS.SAE:DSD_EARNINGS@AV_AN_WAGE(1.0),Average annual wages,I,AUT,Austria,WG,Wages,USD_PPP,"US dollars, PPP converted",A,Annual,Q,Constant prices,MEAN,Mean,_Z,Not applicable,2023,,73585.512,,2024,,A,Normal value,0,Units,0,Zero
DATAFLOW,OECD.ELS.SAE:DSD_EARNINGS@AV_AN_WAGE(1.0),Average annual wages,I,AUT,Austria,WG,Wages,USD_PPP,"US dollars, PPP converted",A,Annual,Q,Constant prices,MEAN,Mean,_Z,Not applicable,2024,,75767.15,,2024,,A,Normal value,0,Units,0,Zero
DATAFLOW,OECD.ELS.SAE:DSD_EARNINGS@AV_AN_WAGE(1.0),Average annual wages,I,FRA,France,WG,Wages,USD_PPP,"US dollars, PPP converted",A,Annual,Q,Constant prices,MEAN,Mean,_Z,Not applicable,2010,,57867.381,,2024,,A,Normal value,0,Units,0,Zero
DATAFLOW,OECD.ELS.SAE:DSD_EARNINGS@AV_AN_WAGE(1.0),Average annual wages,I,FRA,France,WG,Wages,USD_PPP,"US dollars, PPP converted",A,Annual,Q,Constant prices,MEAN,Mean,_Z,Not applicable,2011,,57763.65,,2024,,A,Normal value,0,Units,0,Zero
DATAFLOW,OECD.ELS.SAE:DSD_EARNINGS@AV_AN_WAGE(1.0),Average annual wages,I,FRA,France,WG,Wages,USD_PPP,"US dollars, PPP converted",A,Annual,Q,Constant prices,MEAN,Mean,_Z,Not applicable,2012,,58139.541,,2024,,A,Normal value,0,Units,0,Zero
DATAFLOW,OECD.ELS.SAE:DSD_EARNINGS@AV_AN_WAGE(1.0),Average annual wages,I,FRA,France,WG,Wages,USD_PPP,"US dollars, PPP converted",A,Annual,Q,Constant prices,MEAN,Mean,_Z,Not applicable,2013,,58637.643,,2024,,A,Normal value,0,Units,0,Zero
DATAFLOW,OECD.ELS.SAE:DSD_EARNINGS@AV_AN_WAGE(1.0),Average annual wages,I,FRA,France,WG,Wages,USD_PPP,"US dollars, PPP converted",A,Annual,Q,Constant prices,MEAN,Mean,_Z,Not applicable,2014,,59043.357,,2024,,A,Normal value,0,Units,0,Zero
DATAFLOW,OECD.ELS.SAE:DSD_EARNINGS@AV_AN_WAGE(1.0),Average annual wages,I,FRA,France,WG,Wages,USD_PPP,"US dollars, PPP converted",A,Annual,Q,Constant prices,MEAN,Mean,_Z,Not applicable,2015,,59600.312,,2024,,A,Normal value,0,Units,0,Zero
DATAFLOW,OECD.ELS.SAE:DSD_EARNINGS@AV_AN_WAGE(1.0),Average annual wages,I,FRA,France,WG,Wages,USD_PPP,"US dollars, PPP converted",A,Annual,Q,Constant prices,MEAN,Mean,_Z,Not applicable,2016,,60284.45,,2024,,A,Normal value,0,Units,0,Zero
DATAFLOW,OECD.ELS.SAE:DSD_EARNINGS@AV_AN_WAGE(1.0),Average annual wages,I,FRA,France,WG,Wages,USD_PPP,"US dollars, PPP converted",A,Annual,Q,Constant prices,MEAN,Mean,_Z,Not applicable,2017,,61120.078,,2024,,A,Normal value,0,Units,0,Zero
DATAFLOW,OECD.ELS.SAE:DSD_EARNINGS@AV_AN_WAGE(1.0),Average annual wages,I,FRA,France,WG,Wages,USD_PPP,"US dollars, PPP converted",A,Annual,Q,Constant prices,MEAN,Mean,_Z,Not applicable,2018,,61041.792,,2024,,A,Normal value,0,Units,0,Zero
DATAFLOW,OECD.ELS.SAE:DSD_EARNINGS@AV_AN_WAGE(1.0),Average annual wages,I,FRA,France,WG,Wages,USD_PPP,"US dollars, PPP converted",A,Annual,Q,Constant prices,MEAN,Mean,_Z,Not applicable,2019,,61631.808,,2024,,A,Normal value,0,Units,0,Zero
DATAFLOW,OECD.ELS.SAE:DSD_EARNINGS@AV_AN_WAGE(1.0),Average annual wages,I,FRA,France,WG,Wages,USD_PPP,"US dollars, PPP converted",A,Annual,Q,Constant prices,MEAN,Mean,_Z,Not applicable,2020,,58590.773,,2024,,A,Normal value,0,Units,0,Zero
DATAFLOW,OECD.ELS.SAE:DSD_EARNINGS@AV_AN_WAGE(1.0),Average annual wages,I,FRA,France,WG,Wages,USD_PPP,"US dollars, PPP converted",A,Annual,Q,Constant prices,MEAN,Mean,_Z,Not applicable,2021,,60900.747,,2024,,A,Normal value,0,Units,0,Zero
DATAFLOW,OECD.ELS.SAE:DSD_EARNINGS@AV_AN_WAGE(1.0),Average annual wages,I,FRA,France,WG,Wages,USD_PPP,"US dollars, PPP converted",A,Annual,Q,Constant prices,MEAN,Mean,_Z,Not applicable,2022,,61156.437,,2024,,A,Normal value,0,Units,0,Zero
DATAFLOW,OECD.ELS.SAE:DSD_EARNINGS@AV_AN_WAGE(1.0),Average annual wages,I,FRA,France,WG,Wages,USD_PPP,"US dollars, PPP converted",A,Annual,Q,Constant prices,MEAN,Mean,_Z,Not applicable,2023,,60140.542,,2024,,A,Normal value,0,Units,0,Zero
DATAFLOW,OECD.ELS.SAE:DSD_EARNINGS@AV_AN_WAGE(1.0),Average annual wages,I,FRA,France,WG,Wages,USD_PPP,"US dollars, PPP converted",A,Annual,Q,Constant prices,MEAN,Mean,_Z,Not applicable,2024,,60608.014,,2024,,A,Normal value,0,Units,0,Zero
DATAFLOW,OECD.ELS.SAE:DSD_EARNINGS@AV_AN_WAGE(1.0),Average annual wages,I,DEU,Germany,WG,Wages,USD_PPP,"US dollars, PPP converted",A,Annual,Q,Constant prices,MEAN,Mean,_Z,Not applicable,2010,,61167.671,,2024,,A,Normal value,0,Units,0,Zero
DATAFLOW,OECD.ELS.SAE:DSD_EARNINGS@AV_AN_WAGE(1.0),Average annual wages,I,DEU,Germany,WG,Wages,USD_PPP,"US dollars, PPP converted",A,Annual,Q,Constant prices,MEAN,Mean,_Z,Not applicable,2011,,62400.788,,2024,,A,Normal value,0,Units,0,Zero
DATAFLOW,OECD.ELS.SAE:DSD_EARNINGS@AV_AN_WAGE(1.0),Average annual wages,I,DEU,Germany,WG,Wages,USD_PPP,"US dollars, PPP converted",A,Annual,Q,Constant prices,MEAN,Mean,_Z,Not applicable,2012,,63233.321,,2024,,A,Normal value,0,Units,0,Zero
DATAFLOW,OECD.ELS.SAE:DSD_EARNINGS@AV_AN_WAGE(1.0),Average annual wages,I,DEU,Germany,WG,Wages,USD_PPP,"US dollars, PPP converted",A,Annual,Q,Constant prices,MEAN,Mean,_Z,Not applicable,2013,,63828.7,,2024,,A,Normal value,0,Units,0,Zero
DATAFLOW,OECD.ELS.SAE:DSD_EARNINGS@AV_AN_WAGE(1.0),Average annual wages,I,DEU,Germany,WG,Wages,USD_PPP,"US dollars, PPP converted",A,Annual,Q,Constant prices,MEAN,Mean,_Z,Not applicable,2014,,64898.733,,2024,,A,Normal value,0,Units,0,Zero
DATAFLOW,OECD.ELS.SAE:DSD_EARNINGS@AV_AN_WAGE(1.0),Average annual wages,I,DEU,Germany,WG,Wages,USD_PPP,"US dollars, PPP converted",A,Annual,Q,Constant prices,MEAN,Mean,_Z,Not applicable,2015,,66389.948,,2024,,A,Normal value,0,Units,0,Zero
DATAFLOW,OECD.ELS.SAE:DSD_EARNINGS@AV_AN_WAGE(1.0),Average annual wages,I,DEU,Germany,WG,Wages,USD_PPP,"US dollars, PPP converted",A,Annual,Q,Constant prices,MEAN,Mean,_Z,Not applicable,2016,,67409.631,,2024,,A,Normal value,0,Units,0,Zero
DATAFLOW,OECD.ELS.SAE:DSD_EARNINGS@AV_AN_WAGE(1.0),Average annual wages,I,DEU,Germany,WG,Wages,USD_PPP,"US dollars, PPP converted",A,Annual,Q,Constant prices,MEAN,Mean,_Z,Not applicable,2017,,68117.688,,2024,,A,Normal value,0,Units,0,Zero
DATAFLOW,OECD.ELS.SAE:DSD_EARNINGS@AV_AN_WAGE(1.0),Average annual wages,I,DEU,Germany,WG,Wages,USD_PPP,"US dollars, PPP converted",A,Annual,Q,Constant prices,MEAN,Mean,_Z,Not applicable,2018,,69070.405,,2024,,A,Normal value,0,Units,0,Zero
DATAFLOW,OECD.ELS.SAE:DSD_EARNINGS@AV_AN_WAGE(1.0),Average annual wages,I,DEU,Germany,WG,Wages,USD_PPP,"US dollars, PPP converted",A,Annual,Q,Constant prices,MEAN,Mean,_Z,Not applicable,2019,,70225.225,,2024,,A,Normal value,0,Units,0,Zero
DATAFLOW,OECD.ELS.SAE:DSD_EARNINGS@AV_AN_WAGE(1.0),Average annual wages,I,DEU,Germany,WG,Wages,USD_PPP,"US dollars, PPP converted",A,Annual,Q,Constant prices,MEAN,Mean,_Z,Not applicable,2020,,69750.812,,2024,,A,Normal value,0,Units,0,Zero
DATAFLOW,OECD.ELS.SAE:DSD_EARNINGS@AV_AN_WAGE(1.0),Average annual wages,I,DEU,Germany,WG,Wages,USD_PPP,"US dollars, PPP converted",A,Annual,Q,Constant prices,MEAN,Mean,_Z,Not applicable,2021,,69828.515,,2024,,A,Normal value,0,Units,0,Zero
DATAFLOW,OECD.ELS.SAE:DSD_EARNINGS@AV_AN_WAGE(1.0),Average annual wages,I,DEU,Germany,WG,Wages,USD_PPP,"US dollars, PPP converted",A,Annual,Q,Constant prices,MEAN,Mean,_Z,Not applicable,2022,,68225.562,,2024,,A,Normal value,0,Units,0,Zero
DATAFLOW,OECD.ELS.SAE:DSD_EARNINGS@AV_AN_WAGE(1.0),Average annual wages,I,DEU,Germany,WG,Wages,USD_PPP,"US dollars, PPP converted",A,Annual,Q,Constant prices,MEAN,Mean,_Z,Not applicable,2023,,68104.229,,2024,,A,Normal value,0,Units,0,Zero
DATAFLOW,OECD.ELS.SAE:DSD_EARNINGS@AV_AN_WAGE(1.0),Average annual wages,I,DEU,Germany,WG,Wages,USD_PPP,"US dollars, PPP converted",A,Annual,Q,Constant prices,MEAN,Mean,_Z,Not applicable,2024,,69433.062,,2024,,A,Normal value,0,Units,0,Zero
DATAFLOW,OECD.ELS.SAE:DSD_EARNINGS@AV_AN_WAGE(1.0),Average annual wages,I,ITA,Italy,WG,Wages,USD_PPP,"US dollars, PPP converted",A,Annual,Q,Constant prices,MEAN,Mean,_Z,Not applicable,2010,,54924.154,,2024,,A,Normal value,0,Units,0,Zero
DATAFLOW,OECD.ELS.SAE:DSD_EARNINGS@AV_AN_WAGE(1.0),Average annual wages,I,ITA,Italy,WG,Wages,USD_PPP,"US dollars, PPP converted",A,Annual,Q,Constant prices,MEAN,Mean,_Z,Not applicable,2011,,54047.93,,2024,,A,Normal value,0,Units,0,Zero
DATAFLOW,OECD.ELS.SAE:DSD_EARNINGS@AV_AN_WAGE(1.0),Average annual wages,I,ITA,Italy,WG,Wages,USD_PPP,"US dollars, PPP converted",A,Annual,Q,Constant prices,MEAN,Mean,_Z,Not applicable,2012,,52332.384,,2024,,A,Normal value,0,Units,0,Zero
DATAFLOW,OECD.ELS.SAE:DSD_EARNINGS@AV_AN_WAGE(1.0),Average annual wages,I,ITA,Italy,WG,Wages,USD_PPP,"US dollars, PPP converted",A,Annual,Q,Constant prices,MEAN,Mean,_Z,Not applicable,2013,,52503.553,,2024,,A,Normal value,0,Units,0,Zero
DATAFLOW,OECD.ELS.SAE:DSD_EARNINGS@AV_AN_WAGE(1.0),Average annual wages,I,ITA,Italy,WG,Wages,USD_PPP,"US dollars, PPP converted",A,Annual,Q,Constant prices,MEAN,Mean,_Z,Not applicable,2014,,52707.893,,2024,,A,Normal value,0,Units,0,Zero
DATAFLOW,OECD.ELS.SAE:DSD_EARNINGS@AV_AN_WAGE(1.0),Average annual wages,I,ITA,Italy,WG,Wages,USD_PPP,"US dollars, PPP converted",A,Annual,Q,Constant prices,MEAN,Mean,_Z,Not applicable,2015,,53164.084,,2024,,A,Normal value,0,Units,0,Zero
DATAFLOW,OECD.ELS.SAE:DSD_EARNINGS@AV_AN_WAGE(1.0),Average annual wages,I,ITA,Italy,WG,Wages,USD_PPP,"US dollars, PPP converted",A,Annual,Q,Constant prices,MEAN,Mean,_Z,Not applicable,2016,,53589.312,,2024,,A,Normal value,0,Units,0,Zero
DATAFLOW,OECD.ELS.SAE:DSD_EARNINGS@AV_AN_WAGE(1.0),Average annual wages,I,ITA,Italy,WG,Wages,USD_PPP,"US dollars, PPP converted",A,Annual,Q,Constant prices,MEAN,Mean,_Z,Not applicable,2017,,53246.292,,2024,,A,Normal value,0,Units,0,Zero
DATAFLOW,OECD.ELS.SAE:DSD_EARNINGS@AV_AN_WAGE(1.0),Average annual wages,I,ITA,Italy,WG,Wages,USD_PPP,"US dollars, PPP converted",A,Annual,Q,Constant prices,MEAN,Mean,_Z,Not applicable,2018,,53306.5,,2024,,A,Normal value,0,Units,0,Zero
DATAFLOW,OECD.ELS.SAE:DSD_EARNINGS@AV_AN_WAGE(1.0),Average annual wages,I,ITA,Italy,WG,Wages,USD_PPP,"US dollars, PPP converted",A,Annual,Q,Constant prices,MEAN,Mean,_Z,Not applicable,2019,,53572.199,,2024,,A,Normal value,0,Units,0,Zero
DATAFLOW,OECD.ELS.SAE:DSD_EARNINGS@AV_AN_WAGE(1.0),Average annual wages,I,ITA,Italy,WG,Wages,USD_PPP,"US dollars, PPP converted",A,Annual,Q,Constant prices,MEAN,Mean,_Z,Not applicable,2020,,51015.812,,2024,,A,Normal value,0,Units,0,Zero
DATAFLOW,OECD.ELS.SAE:DSD_EARNINGS@AV_AN_WAGE(1.0),Average annual wages,I,ITA,Italy,WG,Wages,USD_PPP,"US dollars, PPP converted",A,Annual,Q,Constant prices,MEAN,Mean,_Z,Not applicable,2021,,53317.266,,2024,,A,Normal value,0,Units,0,Zero
DATAFLOW,OECD.ELS.SAE:DSD_EARNINGS@AV_AN_WAGE(1.0),Average annual wages,I,ITA,Italy,WG,Wages,USD_PPP,"US dollars, PPP converted",A,Annual,Q,Constant prices,MEAN,Mean,_Z,Not applicable,2022,,51949.802,,2024,,A,Normal value,0,Units,0,Zero
DATAFLOW,OECD.ELS.SAE:DSD_EARNINGS@AV_AN_WAGE(1.0),Average annual wages,I,ITA,Italy,WG,Wages,USD_PPP,"US dollars, PPP converted",A,Annual,Q,Constant prices,MEAN,Mean,_Z,Not applicable,2023,,50514.489,,2024,,A,Normal value,0,Units,0,Zero
DATAFLOW,OECD.ELS.SAE:DSD_EARNINGS@AV_AN_WAGE(1.0),Average annual wages,I,ITA,Italy,WG,Wages,USD_PPP,"US dollars, PPP converted",A,Annual,Q,Constant prices,MEAN,Mean,_Z,Not applicable,2024,,51018.982,,2024,,A,Normal value,0,Units,0,Zero
DATAFLOW,OECD.ELS.SAE:DSD_EARNINGS@AV_AN_WAGE(1.0),Average annual wages,I,NLD,Netherlands,WG,Wages,USD_PPP,"US dollars, PPP converted",A,Annual,Q,Constant prices,MEAN,Mean,_Z,Not applicable,2010,,79440.635,,2024,,A,Normal value,0,Units,0,Zero
DATAFLOW,OECD.ELS.SAE:DSD_EARNINGS@AV_AN_WAGE(1.0),Average annual wages,I,NLD,Netherlands,WG,Wages,USD_PPP,"US dollars, PPP converted",A,Annual,Q,Constant prices,MEAN,Mean,_Z,Not applicable,2011,,79184.004,,2024,,A,Normal value,0,Units,0,Zero
DATAFLOW,OECD.ELS.SAE:DSD_EARNINGS@AV_AN_WAGE(1.0),Average annual wages,I,NLD,Netherlands,WG,Wages,USD_PPP,"US dollars, PPP converted",A,Annual,Q,Constant prices,MEAN,Mean,_Z,Not applicable,2012,,79447.713,,2024,,A,Normal value,0,Units,0,Zero
DATAFLOW,OECD.ELS.SAE:DSD_EARNINGS@AV_AN_WAGE(1.0),Average annual wages,I,NLD,Netherlands,WG,Wages,USD_PPP,"US dollars, PPP converted",A,Annual,Q,Constant prices,MEAN,Mean,_Z,Not applicable,2013,,79685.527,,2024,,A,Normal value,0,Units,0,Zero
DATAFLOW,OECD.ELS.SAE:DSD_EARNINGS@AV_AN_WAGE(1.0),Average annual wages,I,NLD,Netherlands,WG,Wages,USD_PPP,"US dollars, PPP converted",A,Annual,Q,Constant prices,MEAN,Mean,_Z,Not applicable,2014,,79252.486,,2024,,A,Normal value,0,Units,0,Zero
DATAFLOW,OECD.ELS.SAE:DSD_EARNINGS@AV_AN_WAGE(1.0),Average annual wages,I,NLD,Netherlands,WG,Wages,USD_PPP,"US dollars, PPP converted",A,Annual,Q,Constant prices,MEAN,Mean,_Z,Not applicable,2015,,80217.997,,2024,,A,Normal value,0,Units,0,Zero
DATAFLOW,OECD.ELS.SAE:DSD_EARNINGS@AV_AN_WAGE(1.0),Average annual wages,I,NLD,Netherlands,WG,Wages,USD_PPP,"US dollars, PPP converted",A,Annual,Q,Constant prices,MEAN,Mean,_Z,Not applicable,2016,,80537.957,,2024,,A,Normal value,0,Units,0,Zero
DATAFLOW,OECD.ELS.SAE:DSD_EARNINGS@AV_AN_WAGE(1.0),Average annual wages,I,NLD,Netherlands,WG,Wages,USD_PPP,"US dollars, PPP converted",A,Annual,Q,Constant prices,MEAN,Mean,_Z,Not applicable,2017,,79950.742,,2024,,A,Normal value,0,Units,0,Zero
DATAFLOW,OECD.ELS.SAE:DSD_EARNINGS@AV_AN_WAGE(1.0),Average annual wages,I,NLD,Netherlands,WG,Wages,USD_PPP,"US dollars, PPP converted",A,Annual,Q,Constant prices,MEAN,Mean,_Z,Not applicable,2018,,79065.384,,2024,,A,Normal value,0,Units,0,Zero
DATAFLOW,OECD.ELS.SAE:DSD_EARNINGS@AV_AN_WAGE(1.0),Average annual wages,I,NLD,Netherlands,WG,Wages,USD_PPP,"US dollars, PPP converted",A,Annual,Q,Constant prices,MEAN,Mean,_Z,Not applicable,2019,,78508.106,,2024,,A,Normal value,0,Units,0,Zero
DATAFLOW,OECD.ELS.SAE:DSD_EARNINGS@AV_AN_WAGE(1.0),Average annual wages,I,NLD,Netherlands,WG,Wages,USD_PPP,"US dollars, PPP converted",A,Annual,Q,Constant prices,MEAN,Mean,_Z,Not applicable,2020,,80227.278,,2024,,A,Normal value,0,Units,0,Zero
DATAFLOW,OECD.ELS.SAE:DSD_EARNINGS@AV_AN_WAGE(1.0),Average annual wages,I,NLD,Netherlands,WG,Wages,USD_PPP,"US dollars, PPP converted",A,Annual,Q,Constant prices,MEAN,Mean,_Z,Not applicable,2021,,79311.801,,2024,,A,Normal value,0,Units,0,Zero
DATAFLOW,OECD.ELS.SAE:DSD_EARNINGS@AV_AN_WAGE(1.0),Average annual wages,I,NLD,Netherlands,WG,Wages,USD_PPP,"US dollars, PPP converted",A,Annual,Q,Constant prices,MEAN,Mean,_Z,Not applicable,2022,,76238.334,,2024,,A,Normal value,0,Units,0,Zero
DATAFLOW,OECD.ELS.SAE:DSD_EARNINGS@AV_AN_WAGE(1.0),Average annual wages,I,NLD,Netherlands,WG,Wages,USD_PPP,"US dollars, PPP converted",A,Annual,Q,Constant prices,MEAN,Mean,_Z,Not applicable,2023,,74549.094,,2024,,A,Normal value,0,Units,0,Zero
DATAFLOW,OECD.ELS.SAE:DSD_EARNINGS@AV_AN_WAGE(1.0),Average annual wages,I,NLD,Netherlands,WG,Wages,USD_PPP,"US dollars, PPP converted",A,Annual,Q,Constant prices,MEAN,Mean,_Z,Not applicable,2024,,75370.097,,2024,,A,Normal value,0,Units,0,Zero
DATAFLOW,OECD.ELS.SAE:DSD_EARNINGS@AV_AN_WAGE(1.0),Average annual wages,I,POL,Poland,WG,Wages,USD_PPP,"US dollars, PPP converted",A,Annual,Q,Constant prices,MEAN,Mean,_Z,Not applicable,2010,,32067.767,,2024,,A,Normal value,0,Units,0,Zero
DATAFLOW,OECD.ELS.SAE:DSD_EARNINGS@AV_AN_WAGE(1.0),Average annual wages,I,POL,Poland,WG,Wages,USD_PPP,"US dollars, PPP converted",A,Annual,Q,Constant prices,MEAN,Mean,_Z,Not applicable,2011,,32244.936,,2024,,A,Normal value,0,Units,0,Zero
DATAFLOW,OECD.ELS.SAE:DSD_EARNINGS@AV_AN_WAGE(1.0),Average annual wages,I,POL,Poland,WG,Wages,USD_PPP,"US dollars, PPP converted",A,Annual,Q,Constant prices,MEAN,Mean,_Z,Not applicable,2012,,31928.483,,2024,,A,Normal value,0,Units,0,Zero
DATAFLOW,OECD.ELS.SAE:DSD_EARNINGS@AV_AN_WAGE(1.0),Average annual wages,I,POL,Poland,WG,Wages,USD_PPP,"US dollars, PPP converted",A,Annual,Q,Constant prices,MEAN,Mean,_Z,Not applicable,2013,,32275.745,,2024,,A,Normal value,0,Units,0,Zero
DATAFLOW,OECD.ELS.SAE:DSD_EARNINGS@AV_AN_WAGE(1.0),Average annual wages,I,POL,Poland,WG,Wages,USD_PPP,"US dollars, PPP converted",A,Annual,Q,Constant prices,MEAN,Mean,_Z,Not applicable,2014,,33012.234,,2024,,A,Normal value,0,Units,0,Zero
DATAFLOW,OECD.ELS.SAE:DSD_EARNINGS@AV_AN_WAGE(1.0),Average annual wages,I,POL,Poland,WG,Wages,USD_PPP,"US dollars, PPP converted",A,Annual,Q,Constant prices,MEAN,Mean,_Z,Not applicable,2015,,33825.151,,2024,,A,Normal value,0,Units,0,Zero
DATAFLOW,OECD.ELS.SAE:DSD_EARNINGS@AV_AN_WAGE(1.0),Average annual wages,I,POL,Poland,WG,Wages,USD_PPP,"US dollars, PPP converted",A,Annual,Q,Constant prices,MEAN,Mean,_Z,Not applicable,2016,,35614.62,,2024,,A,Normal value,0,Units,0,Zero
DATAFLOW,OECD.ELS.SAE:DSD_EARNINGS@AV_AN_WAGE(1.0),Average annual wages,I,POL,Poland,WG,Wages,USD_PPP,"US dollars, PPP converted",A,Annual,Q,Constant prices,MEAN,Mean,_Z,Not applicable,2017,,37071.011,,2024,,A,Normal value,0,Units,0,Zero
DATAFLOW,OECD.ELS.SAE:DSD_EARNINGS@AV_AN_WAGE(1.0),Average annual wages,I,POL,Poland,WG,Wages,USD_PPP,"US dollars, PPP converted",A,Annual,Q,Constant prices,MEAN,Mean,_Z,Not applicable,2018,,39436.413,,2024,,A,Normal value,0,Units,0,Zero
DATAFLOW,OECD.ELS.SAE:DSD_EARNINGS@AV_AN_WAGE(1.0),Average annual wages,I,POL,Poland,WG,Wages,USD_PPP,"US dollars, PPP converted",A,Annual,Q,Constant prices,MEAN,Mean,_Z,Not applicable,2019,,41872.122,,2024,,A,Normal value,0,Units,0,Zero
DATAFLOW,OECD.ELS.SAE:DSD_EARNINGS@AV_AN_WAGE(1.0),Average annual wages,I,POL,Poland,WG,Wages,USD_PPP,"US dollars, PPP converted",A,Annual,Q,Constant prices,MEAN,Mean,_Z,Not applicable,2020,,42609.587,,2024,,A,Normal value,0,Units,0,Zero
DATAFLOW,OECD.ELS.SAE:DSD_EARNINGS@AV_AN_WAGE(1.0),Average annual wages,I,POL,Poland,WG,Wages,USD_PPP,"US dollars, PPP converted",A,Annual,Q,Constant prices,MEAN,Mean,_Z,Not applicable,2021,,42383.302,,2024,,A,Normal value,0,Units,0,Zero
DATAFLOW,OECD.ELS.SAE:DSD_EARNINGS@AV_AN_WAGE(1.0),Average annual wages,I,POL,Poland,WG,Wages,USD_PPP,"US dollars, PPP converted",A,Annual,Q,Constant prices,MEAN,Mean,_Z,Not applicable,2022,,40538.726,,2024,,A,Normal value,0,Units,0,Zero
DATAFLOW,OECD.ELS.SAE:DSD_EARNINGS@AV_AN_WAGE(1.0),Average annual wages,I,POL,Poland,WG,Wages,USD_PPP,"US dollars, PPP converted",A,Annual,Q,Constant prices,MEAN,Mean,_Z,Not applicable,2023,,41577.518,,2024,,A,Normal value,0,Units,0,Zero
DATAFLOW,OECD.ELS.SAE:DSD_EARNINGS@AV_AN_WAGE(1.0),Average annual wages,I,POL,Poland,WG,Wages,USD_PPP,"US dollars, PPP converted",A,Annual,Q,Constant prices,MEAN,Mean,_Z,Not applicable,2024,,44210.61,,2024,,A,Normal value,0,Units,0,Zero
DATAFLOW,OECD.ELS.SAE:DSD_EARNINGS@AV_AN_WAGE(1.0),Average annual wages,I,PRT,Portugal,WG,Wages,USD_PPP,"US dollars, PPP converted",A,Annual,Q,Constant prices,MEAN,Mean,_Z,Not applicable,2010,,37767.447,,2024,,A,Normal value,0,Units,0,Zero
DATAFLOW,OECD.ELS.SAE:DSD_EARNINGS@AV_AN_WAGE(1.0),Average annual wages,I,PRT,Portugal,WG,Wages,USD_PPP,"US dollars, PPP converted",A,Annual,Q,Constant prices,MEAN,Mean,_Z,Not applicable,2011,,36895.314,,2024,,A,Normal value,0,Units,0,Zero
DATAFLOW,OECD.ELS.SAE:DSD_EARNINGS@AV_AN_WAGE(1.0),Average annual wages,I,PRT,Portugal,WG,Wages,USD_PPP,"US dollars, PPP converted",A,Annual,Q,Constant prices,MEAN,Mean,_Z,Not applicable,2012,,35275.049,,2024,,A,Normal value,0,Units,0,Zero
DATAFLOW,OECD.ELS.SAE:DSD_EARNINGS@AV_AN_WAGE(1.0),Average annual wages,I,PRT,Portugal,WG,Wages,USD_PPP,"US dollars, PPP converted",A,Annual,Q,Constant prices,MEAN,Mean,_Z,Not applicable,2013,,35943.669,,2024,,A,Normal value,0,Units,0,Zero
DATAFLOW,OECD.ELS.SAE:DSD_EARNINGS@AV_AN_WAGE(1.0),Average annual wages,I,PRT,Portugal,WG,Wages,USD_PPP,"US dollars, PPP converted",A,Annual,Q,Constant prices,MEAN,Mean,_Z,Not applicable,2014,,35355.799,,2024,,A,Normal value,0,Units,0,Zero
DATAFLOW,OECD.ELS.SAE:DSD_EARNINGS@AV_AN_WAGE(1.0),Average annual wages,I,PRT,Portugal,WG,Wages,USD_PPP,"US dollars, PPP converted",A,Annual,Q,Constant prices,MEAN,Mean,_Z,Not applicable,2015,,35271.283,,2024,,A,Normal value,0,Units,0,Zero
DATAFLOW,OECD.ELS.SAE:DSD_EARNINGS@AV_AN_WAGE(1.0),Average annual wages,I,PRT,Portugal,WG,Wages,USD_PPP,"US dollars, PPP converted",A,Annual,Q,Constant prices,MEAN,Mean,_Z,Not applicable,2016,,35282.081,,2024,,A,Normal value,0,Units,0,Zero
DATAFLOW,OECD.ELS.SAE:DSD_EARNINGS@AV_AN_WAGE(1.0),Average annual wages,I,PRT,Portugal,WG,Wages,USD_PPP,"US dollars, PPP converted",A,Annual,Q,Constant prices,MEAN,Mean,_Z,Not applicable,2017,,35428.086,,2024,,A,Normal value,0,Units,0,Zero
DATAFLOW,OECD.ELS.SAE:DSD_EARNINGS@AV_AN_WAGE(1.0),Average annual wages,I,PRT,Portugal,WG,Wages,USD_PPP,"US dollars, PPP converted",A,Annual,Q,Constant prices,MEAN,Mean,_Z,Not applicable,2018,,36005.681,,2024,,A,Normal value,0,Units,0,Zero
DATAFLOW,OECD.ELS.SAE:DSD_EARNINGS@AV_AN_WAGE(1.0),Average annual wages,I,PRT,Portugal,WG,Wages,USD_PPP,"US dollars, PPP converted",A,Annual,Q,Constant prices,MEAN,Mean,_Z,Not applicable,2019,,37404.247,,2024,,A,Normal value,0,Units,0,Zero
DATAFLOW,OECD.ELS.SAE:DSD_EARNINGS@AV_AN_WAGE(1.0),Average annual wages,I,PRT,Portugal,WG,Wages,USD_PPP,"US dollars, PPP converted",A,Annual,Q,Constant prices,MEAN,Mean,_Z,Not applicable,2020,,37661.36,,2024,,A,Normal value,0,Units,0,Zero
DATAFLOW,OECD.ELS.SAE:DSD_EARNINGS@AV_AN_WAGE(1.0),Average annual wages,I,PRT,Portugal,WG,Wages,USD_PPP,"US dollars, PPP converted",A,Annual,Q,Constant prices,MEAN,Mean,_Z,Not applicable,2021,,38404.49,,2024,,A,Normal value,0,Units,0,Zero
DATAFLOW,OECD.ELS.SAE:DSD_EARNINGS@AV_AN_WAGE(1.0),Average annual wages,I,PRT,Portugal,WG,Wages,USD_PPP,"US dollars, PPP converted",A,Annual,Q,Constant prices,MEAN,Mean,_Z,Not applicable,2022,,37961.497,,2024,,A,Normal value,0,Units,0,Zero
DATAFLOW,OECD.ELS.SAE:DSD_EARNINGS@AV_AN_WAGE(1.0),Average annual wages,I,PRT,Portugal,WG,Wages,USD_PPP,"US dollars, PPP converted",A,Annual,Q,Constant prices,MEAN,Mean,_Z,Not applicable,2023,,38958.113,,2024,,A,Normal value,0,Units,0,Zero
DATAFLOW,OECD.ELS.SAE:DSD_EARNINGS@AV_AN_WAGE(1.0),Average annual wages,I,PRT,Portugal,WG,Wages,USD_PPP,"US dollars, PPP converted",A,Annual,Q,Constant prices,MEAN,Mean,_Z,Not applicable,2024,,40002.449,,2024,,A,Normal value,0,Units,0,Zero
DATAFLOW,OECD.ELS.SAE:DSD_EARNINGS@AV_AN_WAGE(1.0),Average annual wages,I,ESP,Spain,WG,Wages,USD_PPP,"US dollars, PPP converted",A,Annual,Q,Constant prices,MEAN,Mean,_Z,Not applicable,2010,,56137.603,,2024,,A,Normal value,0,Units,0,Zero
DATAFLOW,OECD.ELS.SAE:DSD_EARNINGS@AV_AN_WAGE(1.0),Average annual wages,I,ESP,Spain,WG,Wages,USD_PPP,"US dollars, PPP converted",A,Annual,Q,Constant prices,MEAN,Mean,_Z,Not applicable,2011,,55135.424,,2024,,A,Normal value,0,Units,0,Zero
DATAFLOW,OECD.ELS.SAE:DSD_EARNINGS@AV_AN_WAGE(1.0),Average annual wages,I,ESP,Spain,WG,Wages,USD_PPP,"US dollars, PPP converted",A,Annual,Q,Constant prices,MEAN,Mean,_Z,Not applicable,2012,,53590.706,,2024,,A,Normal value,0,Units,0,Zero
DATAFLOW,OECD.ELS.SAE:DSD_EARNINGS@AV_AN_WAGE(1.0),Average annual wages,I,ESP,Spain,WG,Wages,USD_PPP,"US dollars, PPP converted",A,Annual,Q,Constant prices,MEAN,Mean,_Z,Not applicable,2013,,53598.418,,2024,,A,Normal value,0,Units,0,Zero
DATAFLOW,OECD.ELS.SAE:DSD_EARNINGS@AV_AN_WAGE(1.0),Average annual wages,I,ESP,Spain,WG,Wages,USD_PPP,"US dollars, PPP converted",A,Annual,Q,Constant prices,MEAN,Mean,_Z,Not applicable,2014,,53430.788,,2024,,A,Normal value,0,Units,0,Zero
DATAFLOW,OECD.ELS.SAE:DSD_EARNINGS@AV_AN_WAGE(1.0),Average annual wages,I,ESP,Spain,WG,Wages,USD_PPP,"US dollars, PPP converted",A,Annual,Q,Constant prices,MEAN,Mean,_Z,Not applicable,2015,,54228.251,,2024,,A,Normal value,0,Units,0,Zero
DATAFLOW,OECD.ELS.SAE:DSD_EARNINGS@AV_AN_WAGE(1.0),Average annual wages,I,ESP,Spain,WG,Wages,USD_PPP,"US dollars, PPP converted",A,Annual,Q,Constant prices,MEAN,Mean,_Z,Not applicable,2016,,53926.995,,2024,,A,Normal value,0,Units,0,Zero
DATAFLOW,OECD.ELS.SAE:DSD_EARNINGS@AV_AN_WAGE(1.0),Average annual wages,I,ESP,Spain,WG,Wages,USD_PPP,"US dollars, PPP converted",A,Annual,Q,Constant prices,MEAN,Mean,_Z,Not applicable,2017,,53224.488,,2024,,A,Normal value,0,Units,0,Zero
DATAFLOW,OECD.ELS.SAE:DSD_EARNINGS@AV_AN_WAGE(1.0),Average annual wages,I,ESP,Spain,WG,Wages,USD_PPP,"US dollars, PPP converted",A,Annual,Q,Constant prices,MEAN,Mean,_Z,Not applicable,2018,,53084.228,,2024,,A,Normal value,0,Units,0,Zero
DATAFLOW,OECD.ELS.SAE:DSD_EARNINGS@AV_AN_WAGE(1.0),Average annual wages,I,ESP,Spain,WG,Wages,USD_PPP,"US dollars, PPP converted",A,Annual,Q,Constant prices,MEAN,Mean,_Z,Not applicable,2019,,53700.459,,2024,,A,Normal value,0,Units,0,Zero
DATAFLOW,OECD.ELS.SAE:DSD_EARNINGS@AV_AN_WAGE(1.0),Average annual wages,I,ESP,Spain,WG,Wages,USD_PPP,"US dollars, PPP converted",A,Annual,Q,Constant prices,MEAN,Mean,_Z,Not applicable,2020,,53463.182,,2024,,A,Normal value,0,Units,0,Zero
DATAFLOW,OECD.ELS.SAE:DSD_EARNINGS@AV_AN_WAGE(1.0),Average annual wages,I,ESP,Spain,WG,Wages,USD_PPP,"US dollars, PPP converted",A,Annual,Q,Constant prices,MEAN,Mean,_Z,Not applicable,2021,,55356.659,,2024,,A,Normal value,0,Units,0,Zero
DATAFLOW,OECD.ELS.SAE:DSD_EARNINGS@AV_AN_WAGE(1.0),Average annual wages,I,ESP,Spain,WG,Wages,USD_PPP,"US dollars, PPP converted",A,Annual,Q,Constant prices,MEAN,Mean,_Z,Not applicable,2022,,53954.498,,2024,,A,Normal value,0,Units,0,Zero
DATAFLOW,OECD.ELS.SAE:DSD_EARNINGS@AV_AN_WAGE(1.0),Average annual wages,I,ESP,Spain,WG,Wages,USD_PPP,"US dollars, PPP converted",A,Annual,Q,Constant prices,MEAN,Mean,_Z,Not applicable,2023,,54459.604,,2024,,A,Normal value,0,Units,0,Zero
DATAFLOW,OECD.ELS.SAE:DSD_EARNINGS@AV_AN_WAGE(1.0),Average annual wages,I,ESP,Spain,WG,Wages,USD_PPP,"US dollars, PPP converted",A,Annual,Q,Constant prices,MEAN,Mean,_Z,Not applicable,2024,,54564.408,,2024,,A,Normal value,0,Units,0,Zero
DATAFLOW,OECD.ELS.SAE:DSD_EARNINGS@AV_AN_WAGE(1.0),Average annual wages,I,SWE,Sweden,WG,Wages,USD_PPP,"US dollars, PPP converted",A,Annual,Q,Constant prices,MEAN,Mean,_Z,Not applicable,2010,,53787.945,,2024,,A,Normal value,0,Units,0,Zero
DATAFLOW,OECD.ELS.SAE:DSD_EARNINGS@AV_AN_WAGE(1.0),Average annual wages,I,SWE,Sweden,WG,Wages,USD_PPP,"US dollars, PPP converted",A,Annual,Q,Constant prices,MEAN,Mean,_Z,Not applicable,2011,,54613.811,,2024,,A,Normal value,0,Units,0,Zero
DATAFLOW,OECD.ELS.SAE:DSD_EARNINGS@AV_AN_WAGE(1.0),Average annual wages,I,SWE,Sweden,WG,Wages,USD_PPP,"US dollars, PPP converted",A,Annual,Q,Constant prices,MEAN,Mean,_Z,Not applicable,2012,,55767.103,,2024,,A,Normal value,0,Units,0,Zero
DATAFLOW,OECD.ELS.SAE:DSD_EARNINGS@AV_AN_WAGE(1.0),Average annual wages,I,SWE,Sweden,WG,Wages,USD_PPP,"US dollars, PPP converted",A,Annual,Q,Constant prices,MEAN,Mean,_Z,Not applicable,2013,,56389.216,,2024,,A,Normal value,0,Units,0,Zero
DATAFLOW,OECD.ELS.SAE:DSD_EARNINGS@AV_AN_WAGE(1.0),Average annual wages,I,SWE,Sweden,WG,Wages,USD_PPP,"US dollars, PPP converted",A,Annual,Q,Constant prices,MEAN,Mean,_Z,Not applicable,2014,,57017.496,,2024,,A,Normal value,0,Units,0,Zero
DATAFLOW,OECD.ELS.SAE:DSD_EARNINGS@AV_AN_WAGE(1.0),Average annual wages,I,SWE,Sweden,WG,Wages,USD_PPP,"US dollars, PPP converted",A,Annual,Q,Constant prices,MEAN,Mean,_Z,Not applicable,2015,,57866.957,,2024,,A,Normal value,0,Units,0,Zero
DATAFLOW,OECD.ELS.SAE:DSD_EARNINGS@AV_AN_WAGE(1.0),Average annual wages,I,SWE,Sweden,WG,Wages,USD_PPP,"US dollars, PPP converted",A,Annual,Q,Constant prices,MEAN,Mean,_Z,Not applicable,2016,,58772.062,,2024,,A,Normal value,0,Units,0,Zero
DATAFLOW,OECD.ELS.SAE:DSD_EARNINGS@AV_AN_WAGE(1.0),Average annual wages,I,SWE,Sweden,WG,Wages,USD_PPP,"US dollars, PPP converted",A,Annual,Q,Constant prices,MEAN,Mean,_Z,Not applicable,2017,,59097.301,,2024,,A,Normal value,0,Units,0,Zero
DATAFLOW,OECD.ELS.SAE:DSD_EARNINGS@AV_AN_WAGE(1.0),Average annual wages,I,SWE,Sweden,WG,Wages,USD_PPP,"US dollars, PPP converted",A,Annual,Q,Constant prices,MEAN,Mean,_Z,Not applicable,2018,,59392.321,,2024,,A,Normal value,0,Units,0,Zero
DATAFLOW,OECD.ELS.SAE:DSD_EARNINGS@AV_AN_WAGE(1.0),Average annual wages,I,SWE,Sweden,WG,Wages,USD_PPP,"US dollars, PPP converted",A,Annual,Q,Constant prices,MEAN,Mean,_Z,Not applicable,2019,,60019.439,,2024,,A,Normal value,0,Units,0,Zero
DATAFLOW,OECD.ELS.SAE:DSD_EARNINGS@AV_AN_WAGE(1.0),Average annual wages,I,SWE,Sweden,WG,Wages,USD_PPP,"US dollars, PPP converted",A,Annual,Q,Constant prices,MEAN,Mean,_Z,Not applicable,2020,,60782.828,,2024,,A,Normal value,0,Units,0,Zero
DATAFLOW,OECD.ELS.SAE:DSD_EARNINGS@AV_AN_WAGE(1.0),Average annual wages,I,SWE,Sweden,WG,Wages,USD_PPP,"US dollars, PPP converted",A,Annual,Q,Constant prices,MEAN,Mean,_Z,Not applicable,2021,,62240.011,,2024,,A,Normal value,0,Units,0,Zero
DATAFLOW,OECD.ELS.SAE:DSD_EARNINGS@AV_AN_WAGE(1.0),Average annual wages,I,SWE,Sweden,WG,Wages,USD_PPP,"US dollars, PPP converted",A,Annual,Q,Constant prices,MEAN,Mean,_Z,Not applicable,2022,,60566.698,,2024,,A,Normal value,0,Units,0,Zero
DATAFLOW,OECD.ELS.SAE:DSD_EARNINGS@AV_AN_WAGE(1.0),Average annual wages,I,SWE,Sweden,WG,Wages,USD_PPP,"US dollars, PPP converted",A,Annual,Q,Constant prices,MEAN,Mean,_Z,Not applicable,2023,,59058.071,,2024,,A,Normal value,0,Units,0,Zero
DATAFLOW,OECD.ELS.SAE:DSD_EARNINGS@AV_AN_WAGE(1.0),Average annual wages,I,SWE,Sweden,WG,Wages,USD_PPP,"US dollars, PPP converted",A,Annual,Q,Constant prices,MEAN,Mean,_Z,Not applicable,2024,,60415.321,,2024,,A,Normal value,0,Units,0,Zero
DATAFLOW,OECD.ELS.SAE:DSD_EARNINGS@AV_AN_WAGE(1.0),Average annual wages,I,AUT,Austria,WG,Wages,EUR,Euro,A,Annual,V,Current prices,MEAN,Mean,_Z,Not applicable,2010,,36382.634,,,,A,Normal value,0,Units,0,Zero
DATAFLOW,OECD.ELS.SAE:DSD_EARNINGS@AV_AN_WAGE(1.0),Average annual wages,I,AUT,Austria,WG,Wages,EUR,Euro,A,Annual,V,Current prices,MEAN,Mean,_Z,Not applicable,2011,,37127.955,,,,A,Normal value,0,Units,0,Zero
DATAFLOW,OECD.ELS.SAE:DSD_EARNINGS@AV_AN_WAGE(1.0),Average annual wages,I,AUT,Austria,WG,Wages,EUR,Euro,A,Annual,V,Current prices,MEAN,Mean,_Z,Not applicable,2012,,38215.019,,,,A,Normal value,0,Units,0,Zero
DATAFLOW,OECD.ELS.SAE:DSD_EARNINGS@AV_AN_WAGE(1.0),Average annual wages,I,AUT,Austria,WG,Wages,EUR,Euro,A,Annual,V,Current prices,MEAN,Mean,_Z,Not applicable,2013,,39035.153,,,,A,Normal value,0,Units,0,Zero
DATAFLOW,OECD.ELS.SAE:DSD_EARNINGS@AV_AN_WAGE(1.0),Average annual wages,I,AUT,Austria,WG,Wages,EUR,Euro,A,Annual,V,Current prices,MEAN,Mean,_Z,Not applicable,2014,,39974.325,,,,A,Normal value,0,Units,0,Zero
DATAFLOW,OECD.ELS.SAE:DSD_EARNINGS@AV_AN_WAGE(1.0),Average annual wages,I,AUT,Austria,WG,Wages,EUR,Euro,A,Annual,V,Current prices,MEAN,Mean,_Z,Not applicable,2015,,40847.443,,,,A,Normal value,0,Units,0,Zero
DATAFLOW,OECD.ELS.SAE:DSD_EARNINGS@AV_AN_WAGE(1.0),Average annual wages,I,AUT,Austria,WG,Wages,EUR,Euro,A,Annual,V,Current prices,MEAN,Mean,_Z,Not applicable,2016,,41836.305,,,,A,Normal value,0,Units,0,Zero
DATAFLOW,OECD.ELS.SAE:DSD_EARNINGS@AV_AN_WAGE(1.0),Average annual wages,I,AUT,Austria,WG,Wages,EUR,Euro,A,Annual,V,Current prices,MEAN,Mean,_Z,Not applicable,2017,,42570.936,,,,A,Normal value,0,Units,0,Zero
DATAFLOW,OECD.ELS.SAE:DSD_EARNINGS@AV_AN_WAGE(1.0),Average annual wages,I,AUT,Austria,WG,Wages,EUR,Euro,A,Annual,V,Current prices,MEAN,Mean,_Z,Not applicable,2018,,43587.122,,,,A,Normal value,0,Units,0,Zero
DATAFLOW,OECD.ELS.SAE:DSD_EARNINGS@AV_AN_WAGE(1.0),Average annual wages,I,AUT,Austria,WG,Wages,EUR,Euro,A,Annual,V,Current prices,MEAN,Mean,_Z,Not applicable,2019,,44719.413,,,,A,Normal value,0,Units,0,Zero
DATAFLOW,OECD.ELS.SAE:DSD_EARNINGS@AV_AN_WAGE(1.0),Average annual wages,I,AUT,Austria,WG,Wages,EUR,Euro,A,Annual,V,Current prices,MEAN,Mean,_Z,Not applicable,2020,,45392.519,,,,A,Normal value,0,Units,0,Zero
DATAFLOW,OECD.ELS.SAE:DSD_EARNINGS@AV_AN_WAGE(1.0),Average annual wages,I,AUT,Austria,WG,Wages,EUR,Euro,A,Annual,V,Current prices,MEAN,Mean,_Z,Not applicable,2021,,47067.573,,,,A,Normal value,0,Units,0,Zero
DATAFLOW,OECD.ELS.SAE:DSD_EARNINGS@AV_AN_WAGE(1.0),Average annual wages,I,AUT,Austria,WG,Wages,EUR,Euro,A,Annual,V,Current prices,MEAN,Mean,_Z,Not applicable,2022,,49366.439,,,,A,Normal value,0,Units,0,Zero
DATAFLOW,OECD.ELS.SAE:DSD_EARNINGS@AV_AN_WAGE(1.0),Average annual wages,I,AUT,Austria,WG,Wages,EUR,Euro,A,Annual,V,Current prices,MEAN,Mean,_Z,Not applicable,2023,,53243.643,,,,A,Normal value,0,Units,0,Zero
DATAFLOW,OECD.ELS.SAE:DSD_EARNINGS@AV_AN_WAGE(1.0),Average annual wages,I,AUT,Austria,WG,Wages,EUR,Euro,A,Annual,V,Current prices,MEAN,Mean,_Z,Not applicable,2024,,56968.032,,,,A,Normal value,0,Units,0,Zero
DATAFLOW,OECD.ELS.SAE:DSD_EARNINGS@AV_AN_WAGE(1.0),Average annual wages,I,FRA,France,WG,Wages,EUR,Euro,A,Annual,V,Current prices,MEAN,Mean,_Z,Not applicable,2010,,33975.948,,,,A,Normal value,0,Units,0,Zero
DATAFLOW,OECD.ELS.SAE:DSD_EARNINGS@AV_AN_WAGE(1.0),Average annual wages,I,FRA,France,WG,Wages,EUR,Euro,A,Annual,V,Current prices,MEAN,Mean,_Z,Not applicable,2011,,34538.411,,,,A,Normal value,0,Units,0,Zero
DATAFLOW,OECD.ELS.SAE:DSD_EARNINGS@AV_AN_WAGE(1.0),Average annual wages,I,FRA,France,WG,Wages,EUR,Euro,A,Annual,V,Current prices,MEAN,Mean,_Z,Not applicable,2012,,35258.26,,,,A,Normal value,0,Units,0,Zero
DATAFLOW,OECD.ELS.SAE:DSD_EARNINGS@AV_AN_WAGE(1.0),Average annual wages,I,FRA,France,WG,Wages,EUR,Euro,A,Annual,V,Current prices,MEAN,Mean,_Z,Not applicable,2013,,35807.08,,,,A,Normal value,0,Units,0,Zero
DATAFLOW,OECD.ELS.SAE:DSD_EARNINGS@AV_AN_WAGE(1.0),Average annual wages,I,FRA,France,WG,Wages,EUR,Euro,A,Annual,V,Current prices,MEAN,Mean,_Z,Not applicable,2014,,36095.438,,,,A,Normal value,0,Units,0,Zero
DATAFLOW,OECD.ELS.SAE:DSD_EARNINGS@AV_AN_WAGE(1.0),Average annual wages,I,FRA,France,WG,Wages,EUR,Euro,A,Annual,V,Current prices,MEAN,Mean,_Z,Not applicable,2015,,36539.05,,,,A,Normal value,0,Units,0,Zero
DATAFLOW,OECD.ELS.SAE:DSD_EARNINGS@AV_AN_WAGE(1.0),Average annual wages,I,FRA,France,WG,Wages,EUR,Euro,A,Annual,V,Current prices,MEAN,Mean,_Z,Not applicable,2016,,37049.283,,,,A,Normal value,0,Units,0,Zero
DATAFLOW,OECD.ELS.SAE:DSD_EARNINGS@AV_AN_WAGE(1.0),Average annual wages,I,FRA,France,WG,Wages,EUR,Euro,A,Annual,V,Current prices,MEAN,Mean,_Z,Not applicable,2017,,37866.654,,,,A,Normal value,0,Units,0,Zero
DATAFLOW,OECD.ELS.SAE:DSD_EARNINGS@AV_AN_WAGE(1.0),Average annual wages,I,FRA,France,WG,Wages,EUR,Euro,A,Annual,V,Current prices,MEAN,Mean,_Z,Not applicable,2018,,38454.07,,,,A,Normal value,0,Units,0,Zero
DATAFLOW,OECD.ELS.SAE:DSD_EARNINGS@AV_AN_WAGE(1.0),Average annual wages,I,FRA,France,WG,Wages,EUR,Euro,A,Annual,V,Current prices,MEAN,Mean,_Z,Not applicable,2019,,39152.329,,,,A,Normal value,0,Units,0,Zero
DATAFLOW,OECD.ELS.SAE:DSD_EARNINGS@AV_AN_WAGE(1.0),Average annual wages,I,FRA,France,WG,Wages,EUR,Euro,A,Annual,V,Current prices,MEAN,Mean,_Z,Not applicable,2020,,37604.556,,,,A,Normal value,0,Units,0,Zero
DATAFLOW,OECD.ELS.SAE:DSD_EARNINGS@AV_AN_WAGE(1.0),Average annual wages,I,FRA,France,WG,Wages,EUR,Euro,A,Annual,V,Current prices,MEAN,Mean,_Z,Not applicable,2021,,39663.268,,,,A,Normal value,0,Units,0,Zero
DATAFLOW,OECD.ELS.SAE:DSD_EARNINGS@AV_AN_WAGE(1.0),Average annual wages,I,FRA,France,WG,Wages,EUR,Euro,A,Annual,V,Current prices,MEAN,Mean,_Z,Not applicable,2022,,41705.545,,,,A,Normal value,0,Units,0,Zero
DATAFLOW,OECD.ELS.SAE:DSD_EARNINGS@AV_AN_WAGE(1.0),Average annual wages,I,FRA,France,WG,Wages,EUR,Euro,A,Annual,V,Current prices,MEAN,Mean,_Z,Not applicable,2023,,43593.079,,,,A,Normal value,0,Units,0,Zero
DATAFLOW,OECD.ELS.SAE:DSD_EARNINGS@AV_AN_WAGE(1.0),Average annual wages,I,FRA,France,WG,Wages,EUR,Euro,A,Annual,V,Current prices,MEAN,Mean,_Z,Not applicable,2024,,44908.538,,,,A,Normal value,0,Units,0,Zero
DATAFLOW,OECD.ELS.SAE:DSD_EARNINGS@AV_AN_WAGE(1.0),Average annual wages,I,DEU,Germany,WG,Wages,EUR,Euro,A,Annual,V,Current prices,MEAN,Mean,_Z,Not applicable,2010,,33101.11,,,,A,Normal value,0,Units,0,Zero
DATAFLOW,OECD.ELS.SAE:DSD_EARNINGS@AV_AN_WAGE(1.0),Average annual wages,I,DEU,Germany,WG,Wages,EUR,Euro,A,Annual,V,Current prices,MEAN,Mean,_Z,Not applicable,2011,,34366.321,,,,A,Normal value,0,Units,0,Zero
DATAFLOW,OECD.ELS.SAE:DSD_EARNINGS@AV_AN_WAGE(1.0),Average annual wages,I,DEU,Germany,WG,Wages,EUR,Euro,A,Annual,V,Current prices,MEAN,Mean,_Z,Not applicable,2012,,35305.127,,,,A,Normal value,0,Units,0,Zero
DATAFLOW,OECD.ELS.SAE:DSD_EARNINGS@AV_AN_WAGE(1.0),Average annual wages,I,DEU,Germany,WG,Wages,EUR,Euro,A,Annual,V,Current prices,MEAN,Mean,_Z,Not applicable,2013,,36131.942,,,,A,Normal value,0,Units,0,Zero
DATAFLOW,OECD.ELS.SAE:DSD_EARNINGS@AV_AN_WAGE(1.0),Average annual wages,I,DEU,Germany,WG,Wages,EUR,Euro,A,Annual,V,Current prices,MEAN,Mean,_Z,Not applicable,2014,,37069.494,,,,A,Normal value,0,Units,0,Zero
DATAFLOW,OECD.ELS.SAE:DSD_EARNINGS@AV_AN_WAGE(1.0),Average annual wages,I,DEU,Germany,WG,Wages,EUR,Euro,A,Annual,V,Current prices,MEAN,Mean,_Z,Not applicable,2015,,38130.185,,,,A,Normal value,0,Units,0,Zero
DATAFLOW,OECD.ELS.SAE:DSD_EARNINGS@AV_AN_WAGE(1.0),Average annual wages,I,DEU,Germany,WG,Wages,EUR,Euro,A,Annual,V,Current prices,MEAN,Mean,_Z,Not applicable,2016,,38988.114,,,,A,Normal value,0,Units,0,Zero
DATAFLOW,OECD.ELS.SAE:DSD_EARNINGS@AV_AN_WAGE(1.0),Average annual wages,I,DEU,Germany,WG,Wages,EUR,Euro,A,Annual,V,Current prices,MEAN,Mean,_Z,Not applicable,2017,,39992.368,,,,A,Normal value,0,Units,0,Zero
DATAFLOW,OECD.ELS.SAE:DSD_EARNINGS@AV_AN_WAGE(1.0),Average annual wages,I,DEU,Germany,WG,Wages,EUR,Euro,A,Annual,V,Current prices,MEAN,Mean,_Z,Not applicable,2018,,41148.957,,,,A,Normal value,0,Units,0,Zero
DATAFLOW,OECD.ELS.SAE:DSD_EARNINGS@AV_AN_WAGE(1.0),Average annual wages,I,DEU,Germany,WG,Wages,EUR,Euro,A,Annual,V,Current prices,MEAN,Mean,_Z,Not applicable,2019,,42383.223,,,,A,Normal value,0,Units,0,Zero
DATAFLOW,OECD.ELS.SAE:DSD_EARNINGS@AV_AN_WAGE(1.0),Average annual wages,I,DEU,Germany,WG,Wages,EUR,Euro,A,Annual,V,Current prices,MEAN,Mean,_Z,Not applicable,2020,,42341.256,,,,A,Normal value,0,Units,0,Zero
DATAFLOW,OECD.ELS.SAE:DSD_EARNINGS@AV_AN_WAGE(1.0),Average annual wages,I,DEU,Germany,WG,Wages,EUR,Euro,A,Annual,V,Current prices,MEAN,Mean,_Z,Not applicable,2021,,43638.923,,,,A,Normal value,0,Units,0,Zero
DATAFLOW,OECD.ELS.SAE:DSD_EARNINGS@AV_AN_WAGE(1.0),Average annual wages,I,DEU,Germany,WG,Wages,EUR,Euro,A,Annual,V,Current prices,MEAN,Mean,_Z,Not applicable,2022,,45484.278,,,,A,Normal value,0,Units,0,Zero
DATAFLOW,OECD.ELS.SAE:DSD_EARNINGS@AV_AN_WAGE(1.0),Average annual wages,I,DEU,Germany,WG,Wages,EUR,Euro,A,Annual,V,Current prices,MEAN,Mean,_Z,Not applicable,2023,,48289.861,,,,A,Normal value,0,Units,0,Zero
DATAFLOW,OECD.ELS.SAE:DSD_EARNINGS@AV_AN_WAGE(1.0),Average annual wages,I,DEU,Germany,WG,Wages,EUR,Euro,A,Annual,V,Current prices,MEAN,Mean,_Z,Not applicable,2024,,50256.9,,,,A,Normal value,0,Units,0,Zero
DATAFLOW,OECD.ELS.SAE:DSD_EARNINGS@AV_AN_WAGE(1.0),Average annual wages,I,ITA,Italy,WG,Wages,EUR,Euro,A,Annual,V,Current prices,MEAN,Mean,_Z,Not applicable,2010,,27804.507,,,,A,Normal value,0,Units,0,Zero
DATAFLOW,OECD.ELS.SAE:DSD_EARNINGS@AV_AN_WAGE(1.0),Average annual wages,I,ITA,Italy,WG,Wages,EUR,Euro,A,Annual,V,Current prices,MEAN,Mean,_Z,Not applicable,2011,,28159.428,,,,A,Normal value,0,Units,0,Zero
DATAFLOW,OECD.ELS.SAE:DSD_EARNINGS@AV_AN_WAGE(1.0),Average annual wages,I,ITA,Italy,WG,Wages,EUR,Euro,A,Annual,V,Current prices,MEAN,Mean,_Z,Not applicable,2012,,27981.717,,,,A,Normal value,0,Units,0,Zero
DATAFLOW,OECD.ELS.SAE:DSD_EARNINGS@AV_AN_WAGE(1.0),Average annual wages,I,ITA,Italy,WG,Wages,EUR,Euro,A,Annual,V,Current prices,MEAN,Mean,_Z,Not applicable,2013,,28385.833,,,,A,Normal value,0,Units,0,Zero
DATAFLOW,OECD.ELS.SAE:DSD_EARNINGS@AV_AN_WAGE(1.0),Average annual wages,I,ITA,Italy,WG,Wages,EUR,Euro,A,Annual,V,Current prices,MEAN,Mean,_Z,Not applicable,2014,,28565.921,,,,A,Normal value,0,Units,0,Zero
DATAFLOW,OECD.ELS.SAE:DSD_EARNINGS@AV_AN_WAGE(1.0),Average annual wages,I,ITA,Italy,WG,Wages,EUR,Euro,A,Annual,V,Current prices,MEAN,Mean,_Z,Not applicable,2015,,28857.865,,,,A,Normal value,0,Units,0,Zero
DATAFLOW,OECD.ELS.SAE:DSD_EARNINGS@AV_AN_WAGE(1.0),Average annual wages,I,ITA,Italy,WG,Wages,EUR,Euro,A,Annual,V,Current prices,MEAN,Mean,_Z,Not applicable,2016,,29120.065,,,,A,Normal value,0,Units,0,Zero
DATAFLOW,OECD.ELS.SAE:DSD_EARNINGS@AV_AN_WAGE(1.0),Average annual wages,I,ITA,Italy,WG,Wages,EUR,Euro,A,Annual,V,Current prices,MEAN,Mean,_Z,Not applicable,2017,,29243.146,,,,A,Normal value,0,Units,0,Zero
DATAFLOW,OECD.ELS.SAE:DSD_EARNINGS@AV_AN_WAGE(1.0),Average annual wages,I,ITA,Italy,WG,Wages,EUR,Euro,A,Annual,V,Current prices,MEAN,Mean,_Z,Not applicable,2018,,29554.96,,,,A,Normal value,0,Units,0,Zero
DATAFLOW,OECD.ELS.SAE:DSD_EARNINGS@AV_AN_WAGE(1.0),Average annual wages,I,ITA,Italy,WG,Wages,EUR,Euro,A,Annual,V,Current prices,MEAN,Mean,_Z,Not applicable,2019,,29877.635,,,,A,Normal value,0,Units,0,Zero
DATAFLOW,OECD.ELS.SAE:DSD_EARNINGS@AV_AN_WAGE(1.0),Average annual wages,I,ITA,Italy,WG,Wages,EUR,Euro,A,Annual,V,Current prices,MEAN,Mean,_Z,Not applicable,2020,,28485.115,,,,A,Normal value,0,Units,0,Zero
DATAFLOW,OECD.ELS.SAE:DSD_EARNINGS@AV_AN_WAGE(1.0),Average annual wages,I,ITA,Italy,WG,Wages,EUR,Euro,A,Annual,V,Current prices,MEAN,Mean,_Z,Not applicable,2021,,30247.202,,,,A,Normal value,0,Units,0,Zero
DATAFLOW,OECD.ELS.SAE:DSD_EARNINGS@AV_AN_WAGE(1.0),Average annual wages,I,ITA,Italy,WG,Wages,EUR,Euro,A,Annual,V,Current prices,MEAN,Mean,_Z,Not applicable,2022,,31720.06,,,,A,Normal value,0,Units,0,Zero
DATAFLOW,OECD.ELS.SAE:DSD_EARNINGS@AV_AN_WAGE(1.0),Average annual wages,I,ITA,Italy,WG,Wages,EUR,Euro,A,Annual,V,Current prices,MEAN,Mean,_Z,Not applicable,2023,,32450.375,,,,A,Normal value,0,Units,0,Zero
DATAFLOW,OECD.ELS.SAE:DSD_EARNINGS@AV_AN_WAGE(1.0),Average annual wages,I,ITA,Italy,WG,Wages,EUR,Euro,A,Annual,V,Current prices,MEAN,Mean,_Z,Not applicable,2024,,33148.002,,,,A,Normal value,0,Units,0,Zero
DATAFLOW,OECD.ELS.SAE:DSD_EARNINGS@AV_AN_WAGE(1.0),Average annual wages,I,NLD,Netherlands,WG,Wages,EUR,Euro,A,Annual,V,Current prices,MEAN,Mean,_Z,Not applicable,2010,,42635.779,,,,A,Normal value,0,Units,0,Zero
DATAFLOW,OECD.ELS.SAE:DSD_EARNINGS@AV_AN_WAGE(1.0),Average annual wages,I,NLD,Netherlands,WG,Wages,EUR,Euro,A,Annual,V,Current prices,MEAN,Mean,_Z,Not applicable,2011,,43398.162,,,,A,Normal value,0,Units,0,Zero
DATAFLOW,OECD.ELS.SAE:DSD_EARNINGS@AV_AN_WAGE(1.0),Average annual wages,I,NLD,Netherlands,WG,Wages,EUR,Euro,A,Annual,V,Current prices,MEAN,Mean,_Z,Not applicable,2012,,44103.878,,,,A,Normal value,0,Units,0,Zero
DATAFLOW,OECD.ELS.SAE:DSD_EARNINGS@AV_AN_WAGE(1.0),Average annual wages,I,NLD,Netherlands,WG,Wages,EUR,Euro,A,Annual,V,Current prices,MEAN,Mean,_Z,Not applicable,2013,,45153.696,,,,A,Normal value,0,Units,0,Zero
DATAFLOW,OECD.ELS.SAE:DSD_EARNINGS@AV_AN_WAGE(1.0),Average annual wages,I,NLD,Netherlands,WG,Wages,EUR,Euro,A,Annual,V,Current prices,MEAN,Mean,_Z,Not applicable,2014,,45302.991,,,,A,Normal value,0,Units,0,Zero
DATAFLOW,OECD.ELS.SAE:DSD_EARNINGS@AV_AN_WAGE(1.0),Average annual wages,I,NLD,Netherlands,WG,Wages,EUR,Euro,A,Annual,V,Current prices,MEAN,Mean,_Z,Not applicable,2015,,45930.571,,,,A,Normal value,0,Units,0,Zero
DATAFLOW,OECD.ELS.SAE:DSD_EARNINGS@AV_AN_WAGE(1.0),Average annual wages,I,NLD,Netherlands,WG,Wages,EUR,Euro,A,Annual,V,Current prices,MEAN,Mean,_Z,Not applicable,2016,,46380.761,,,,A,Normal value,0,Units,0,Zero
DATAFLOW,OECD.ELS.SAE:DSD_EARNINGS@AV_AN_WAGE(1.0),Average annual wages,I,NLD,Netherlands,WG,Wages,EUR,Euro,A,Annual,V,Current prices,MEAN,Mean,_Z,Not applicable,2017,,46678.463,,,,A,Normal value,0,Units,0,Zero
DATAFLOW,OECD.ELS.SAE:DSD_EARNINGS@AV_AN_WAGE(1.0),Average annual wages,I,NLD,Netherlands,WG,Wages,EUR,Euro,A,Annual,V,Current prices,MEAN,Mean,_Z,Not applicable,2018,,47173.182,,,,A,Normal value,0,Units,0,Zero
DATAFLOW,OECD.ELS.SAE:DSD_EARNINGS@AV_AN_WAGE(1.0),Average annual wages,I,NLD,Netherlands,WG,Wages,EUR,Euro,A,Annual,V,Current prices,MEAN,Mean,_Z,Not applicable,2019,,48060.149,,,,A,Normal value,0,Units,0,Zero
DATAFLOW,OECD.ELS.SAE:DSD_EARNINGS@AV_AN_WAGE(1.0),Average annual wages,I,NLD,Netherlands,WG,Wages,EUR,Euro,A,Annual,V,Current prices,MEAN,Mean,_Z,Not applicable,2020,,49746.284,,,,A,Normal value,0,Units,0,Zero
DATAFLOW,OECD.ELS.SAE:DSD_EARNINGS@AV_AN_WAGE(1.0),Average annual wages,I,NLD,Netherlands,WG,Wages,EUR,Euro,A,Annual,V,Current prices,MEAN,Mean,_Z,Not applicable,2021,,50688.306,,,,A,Normal value,0,Units,0,Zero
DATAFLOW,OECD.ELS.SAE:DSD_EARNINGS@AV_AN_WAGE(1.0),Average annual wages,I,NLD,Netherlands,WG,Wages,EUR,Euro,A,Annual,V,Current prices,MEAN,Mean,_Z,Not applicable,2022,,52094.041,,,,A,Normal value,0,Units,0,Zero
DATAFLOW,OECD.ELS.SAE:DSD_EARNINGS@AV_AN_WAGE(1.0),Average annual wages,I,NLD,Netherlands,WG,Wages,EUR,Euro,A,Annual,V,Current prices,MEAN,Mean,_Z,Not applicable,2023,,55542.405,,,,A,Normal value,0,Units,0,Zero
DATAFLOW,OECD.ELS.SAE:DSD_EARNINGS@AV_AN_WAGE(1.0),Average annual wages,I,NLD,Netherlands,WG,Wages,EUR,Euro,A,Annual,V,Current prices,MEAN,Mean,_Z,Not applicable,2024,,58248.347,,,,A,Normal value,0,Units,0,Zero
DATAFLOW,OECD.ELS.SAE:DSD_EARNINGS@AV_AN_WAGE(1.0),Average annual wages,I,PRT,Portugal,WG,Wages,EUR,Euro,A,Annual,V,Current prices,MEAN,Mean,_Z,Not applicable,2010,,16628.728,,,,A,Normal value,0,Units,0,Zero
DATAFLOW,OECD.ELS.SAE:DSD_EARNINGS@AV_AN_WAGE(1.0),Average annual wages,I,PRT,Portugal,WG,Wages,EUR,Euro,A,Annual,V,Current prices,MEAN,Mean,_Z,Not applicable,2011,,16522.14,,,,A,Normal value,0,Units,0,Zero
DATAFLOW,OECD.ELS.SAE:DSD_EARNINGS@AV_AN_WAGE(1.0),Average annual wages,I,PRT,Portugal,WG,Wages,EUR,Euro,A,Annual,V,Current prices,MEAN,Mean,_Z,Not applicable,2012,,16082.945,,,,A,Normal value,0,Units,0,Zero
DATAFLOW,OECD.ELS.SAE:DSD_EARNINGS@AV_AN_WAGE(1.0),Average annual wages,I,PRT,Portugal,WG,Wages,EUR,Euro,A,Annual,V,Current prices,MEAN,Mean,_Z,Not applicable,2013,,16515.054,,,,A,Normal value,0,Units,0,Zero
DATAFLOW,OECD.ELS.SAE:DSD_EARNINGS@AV_AN_WAGE(1.0),Average annual wages,I,PRT,Portugal,WG,Wages,EUR,Euro,A,Annual,V,Current prices,MEAN,Mean,_Z,Not applicable,2014,,16281.367,,,,A,Normal value,0,Units,0,Zero
DATAFLOW,OECD.ELS.SAE:DSD_EARNINGS@AV_AN_WAGE(1.0),Average annual wages,I,PRT,Portugal,WG,Wages,EUR,Euro,A,Annual,V,Current prices,MEAN,Mean,_Z,Not applicable,2015,,16385.451,,,,A,Normal value,0,Units,0,Zero
DATAFLOW,OECD.ELS.SAE:DSD_EARNINGS@AV_AN_WAGE(1.0),Average annual wages,I,PRT,Portugal,WG,Wages,EUR,Euro,A,Annual,V,Current prices,MEAN,Mean,_Z,Not applicable,2016,,16553.046,,,,A,Normal value,0,Units,0,Zero
DATAFLOW,OECD.ELS.SAE:DSD_EARNINGS@AV_AN_WAGE(1.0),Average annual wages,I,PRT,Portugal,WG,Wages,EUR,Euro,A,Annual,V,Current prices,MEAN,Mean,_Z,Not applicable,2017,,16882.113,,,,A,Normal value,0,Units,0,Zero
DATAFLOW,OECD.ELS.SAE:DSD_EARNINGS@AV_AN_WAGE(1.0),Average annual wages,I,PRT,Portugal,WG,Wages,EUR,Euro,A,Annual,V,Current prices,MEAN,Mean,_Z,Not applicable,2018,,17424.368,,,,A,Normal value,0,Units,0,Zero
DATAFLOW,OECD.ELS.SAE:DSD_EARNINGS@AV_AN_WAGE(1.0),Average annual wages,I,PRT,Portugal,WG,Wages,EUR,Euro,A,Annual,V,Current prices,MEAN,Mean,_Z,Not applicable,2019,,18253.987,,,,A,Normal value,0,Units,0,Zero
DATAFLOW,OECD.ELS.SAE:DSD_EARNINGS@AV_AN_WAGE(1.0),Average annual wages,I,PRT,Portugal,WG,Wages,EUR,Euro,A,Annual,V,Current prices,MEAN,Mean,_Z,Not applicable,2020,,18489.371,,,,A,Normal value,0,Units,0,Zero
DATAFLOW,OECD.ELS.SAE:DSD_EARNINGS@AV_AN_WAGE(1.0),Average annual wages,I,PRT,Portugal,WG,Wages,EUR,Euro,A,Annual,V,Current prices,MEAN,Mean,_Z,Not applicable,2021,,19229.683,,,,A,Normal value,0,Units,0,Zero
DATAFLOW,OECD.ELS.SAE:DSD_EARNINGS@AV_AN_WAGE(1.0),Average annual wages,I,PRT,Portugal,WG,Wages,EUR,Euro,A,Annual,V,Current prices,MEAN,Mean,_Z,Not applicable,2022,,20419.349,,,,A,Normal value,0,Units,0,Zero
DATAFLOW,OECD.ELS.SAE:DSD_EARNINGS@AV_AN_WAGE(1.0),Average annual wages,I,PRT,Portugal,WG,Wages,EUR,Euro,A,Annual,V,Current prices,MEAN,Mean,_Z,Not applicable,2023,,22016.437,,,,A,Normal value,0,Units,0,Zero
DATAFLOW,OECD.ELS.SAE:DSD_EARNINGS@AV_AN_WAGE(1.0),Average annual wages,I,PRT,Portugal,WG,Wages,EUR,Euro,A,Annual,V,Current prices,MEAN,Mean,_Z,Not applicable,2024,,23177.059,,,,A,Normal value,0,Units,0,Zero
DATAFLOW,OECD.ELS.SAE:DSD_EARNINGS@AV_AN_WAGE(1.0),Average annual wages,I,ESP,Spain,WG,Wages,EUR,Euro,A,Annual,V,Current prices,MEAN,Mean,_Z,Not applicable,2010,,26348.233,,,,A,Normal value,0,Units,0,Zero
DATAFLOW,OECD.ELS.SAE:DSD_EARNINGS@AV_AN_WAGE(1.0),Average annual wages,I,ESP,Spain,WG,Wages,EUR,Euro,A,Annual,V,Current prices,MEAN,Mean,_Z,Not applicable,2011,,26486.723,,,,A,Normal value,0,Units,0,Zero
DATAFLOW,OECD.ELS.SAE:DSD_EARNINGS@AV_AN_WAGE(1.0),Average annual wages,I,ESP,Spain,WG,Wages,EUR,Euro,A,Annual,V,Current prices,MEAN,Mean,_Z,Not applicable,2012,,26270.783,,,,A,Normal value,0,Units,0,Zero
DATAFLOW,OECD.ELS.SAE:DSD_EARNINGS@AV_AN_WAGE(1.0),Average annual wages,I,ESP,Spain,WG,Wages,EUR,Euro,A,Annual,V,Current prices,MEAN,Mean,_Z,Not applicable,2013,,26527.557,,,,A,Normal value,0,Units,0,Zero
DATAFLOW,OECD.ELS.SAE:DSD_EARNINGS@AV_AN_WAGE(1.0),Average annual wages,I,ESP,Spain,WG,Wages,EUR,Euro,A,Annual,V,Current prices,MEAN,Mean,_Z,Not applicable,2014,,26479.002,,,,A,Normal value,0,Units,0,Zero
DATAFLOW,OECD.ELS.SAE:DSD_EARNINGS@AV_AN_WAGE(1.0),Average annual wages,I,ESP,Spain,WG,Wages,EUR,Euro,A,Annual,V,Current prices,MEAN,Mean,_Z,Not applicable,2015,,26850.434,,,,A,Normal value,0,Units,0,Zero
DATAFLOW,OECD.ELS.SAE:DSD_EARNINGS@AV_AN_WAGE(1.0),Average annual wages,I,ESP,Spain,WG,Wages,EUR,Euro,A,Annual,V,Current prices,MEAN,Mean,_Z,Not applicable,2016,,26745.706,,,,A,Normal value,0,Units,0,Zero
DATAFLOW,OECD.ELS.SAE:DSD_EARNINGS@AV_AN_WAGE(1.0),Average annual wages,I,ESP,Spain,WG,Wages,EUR,Euro,A,Annual,V,Current prices,MEAN,Mean,_Z,Not applicable,2017,,26801.724,,,,A,Normal value,0,Units,0,Zero
DATAFLOW,OECD.ELS.SAE:DSD_EARNINGS@AV_AN_WAGE(1.0),Average annual wages,I,ESP,Spain,WG,Wages,EUR,Euro,A,Annual,V,Current prices,MEAN,Mean,_Z,Not applicable,2018,,27114.07,,,,A,Normal value,0,Units,0,Zero
DATAFLOW,OECD.ELS.SAE:DSD_EARNINGS@AV_AN_WAGE(1.0),Average annual wages,I,ESP,Spain,WG,Wages,EUR,Euro,A,Annual,V,Current prices,MEAN,Mean,_Z,Not applicable,2019,,27719.6,,,,A,Normal value,0,Units,0,Zero
DATAFLOW,OECD.ELS.SAE:DSD_EARNINGS@AV_AN_WAGE(1.0),Average annual wages,I,ESP,Spain,WG,Wages,EUR,Euro,A,Annual,V,Current prices,MEAN,Mean,_Z,Not applicable,2020,,27622.004,,,,A,Normal value,0,Units,0,Zero
DATAFLOW,OECD.ELS.SAE:DSD_EARNINGS@AV_AN_WAGE(1.0),Average annual wages,I,ESP,Spain,WG,Wages,EUR,Euro,A,Annual,V,Current prices,MEAN,Mean,_Z,Not applicable,2021,,29251.649,,,,A,Normal value,0,Units,0,Zero
DATAFLOW,OECD.ELS.SAE:DSD_EARNINGS@AV_AN_WAGE(1.0),Average annual wages,I,ESP,Spain,WG,Wages,EUR,Euro,A,Annual,V,Current prices,MEAN,Mean,_Z,Not applicable,2022,,30378.665,,,,A,Normal value,0,Units,0,Zero
DATAFLOW,OECD.ELS.SAE:DSD_EARNINGS@AV_AN_WAGE(1.0),Average annual wages,I,ESP,Spain,WG,Wages,EUR,Euro,A,Annual,V,Current prices,MEAN,Mean,_Z,Not applicable,2023,,31953.076,,,,A,Normal value,0,Units,0,Zero
DATAFLOW,OECD.ELS.SAE:DSD_EARNINGS@AV_AN_WAGE(1.0),Average annual wages,I,ESP,Spain,WG,Wages,EUR,Euro,A,Annual,V,Current prices,MEAN,Mean,_Z,Not applicable,2024,,33043.823,,,,A,Normal value,0,Units,0,Zero
DATAFLOW,OECD.ELS.SAE:DSD_EARNINGS@AV_AN_WAGE(1.0),Average annual wages,I,AUT,Austria,WG,Wages,EUR,Euro,A,Annual,Q,Constant prices,MEAN,Mean,_Z,Not applicable,2010,,54213.58,,2024,,A,Normal value,0,Units,0,Zero
DATAFLOW,OECD.ELS.SAE:DSD_EARNINGS@AV_AN_WAGE(1.0),Average annual wages,I,AUT,Austria,WG,Wages,EUR,Euro,A,Annual,Q,Constant prices,MEAN,Mean,_Z,Not applicable,2011,,53630.042,,2024,,A,Normal value,0,Units,0,Zero
DATAFLOW,OECD.ELS.SAE:DSD_EARNINGS@AV_AN_WAGE(1.0),Average annual wages,I,AUT,Austria,WG,Wages,EUR,Euro,A,Annual,Q,Constant prices,MEAN,Mean,_Z,Not applicable,2012,,53933.953,,2024,,A,Normal value,0,Units,0,Zero
DATAFLOW,OECD.ELS.SAE:DSD_EARNINGS@AV_AN_WAGE(1.0),Average annual wages,I,AUT,Austria,WG,Wages,EUR,Euro,A,Annual,Q,Constant prices,MEAN,Mean,_Z,Not applicable,2013,,53956.456,,2024,,A,Normal value,0,Units,0,Zero
DATAFLOW,OECD.ELS.SAE:DSD_EARNINGS@AV_AN_WAGE(1.0),Average annual wages,I,AUT,Austria,WG,Wages,EUR,Euro,A,Annual,Q,Constant prices,MEAN,Mean,_Z,Not applicable,2014,,54161.086,,2024,,A,Normal value,0,Units,0,Zero
DATAFLOW,OECD.ELS.SAE:DSD_EARNINGS@AV_AN_WAGE(1.0),Average annual wages,I,AUT,Austria,WG,Wages,EUR,Euro,A,Annual,Q,Constant prices,MEAN,Mean,_Z,Not applicable,2015,,54555.718,,2024,,A,Normal value,0,Units,0,Zero
DATAFLOW,OECD.ELS.SAE:DSD_EARNINGS@AV_AN_WAGE(1.0),Average annual wages,I,AUT,Austria,WG,Wages,EUR,Euro,A,Annual,Q,Constant prices,MEAN,Mean,_Z,Not applicable,2016,,55078.269,,2024,,A,Normal value,0,Units,0,Zero
DATAFLOW,OECD.ELS.SAE:DSD_EARNINGS@AV_AN_WAGE(1.0),Average annual wages,I,AUT,Austria,WG,Wages,EUR,Euro,A,Annual,Q,Constant prices,MEAN,Mean,_Z,Not applicable,2017,,55085.308,,2024,,A,Normal value,0,Units,0,Zero
DATAFLOW,OECD.ELS.SAE:DSD_EARNINGS@AV_AN_WAGE(1.0),Average annual wages,I,AUT,Austria,WG,Wages,EUR,Euro,A,Annual,Q,Constant prices,MEAN,Mean,_Z,Not applicable,2018,,55293.594,,2024,,A,Normal value,0,Units,0,Zero
DATAFLOW,OECD.ELS.SAE:DSD_EARNINGS@AV_AN_WAGE(1.0),Average annual wages,I,AUT,Austria,WG,Wages,EUR,Euro,A,Annual,Q,Constant prices,MEAN,Mean,_Z,Not applicable,2019,,55750.457,,2024,,A,Normal value,0,Units,0,Zero
DATAFLOW,OECD.ELS.SAE:DSD_EARNINGS@AV_AN_WAGE(1.0),Average annual wages,I,AUT,Austria,WG,Wages,EUR,Euro,A,Annual,Q,Constant prices,MEAN,Mean,_Z,Not applicable,2020,,55904.792,,2024,,A,Normal value,0,Units,0,Zero
DATAFLOW,OECD.ELS.SAE:DSD_EARNINGS@AV_AN_WAGE(1.0),Average annual wages,I,AUT,Austria,WG,Wages,EUR,Euro,A,Annual,Q,Constant prices,MEAN,Mean,_Z,Not applicable,2021,,56768.519,,2024,,A,Normal value,0,Units,0,Zero
DATAFLOW,OECD.ELS.SAE:DSD_EARNINGS@AV_AN_WAGE(1.0),Average annual wages,I,AUT,Austria,WG,Wages,EUR,Euro,A,Annual,Q,Constant prices,MEAN,Mean,_Z,Not applicable,2022,,55460.013,,2024,,A,Normal value,0,Units,0,Zero
DATAFLOW,OECD.ELS.SAE:DSD_EARNINGS@AV_AN_WAGE(1.0),Average annual wages,I,AUT,Austria,WG,Wages,EUR,Euro,A,Annual,Q,Constant prices,MEAN,Mean,_Z,Not applicable,2023,,55327.696,,2024,,A,Normal value,0,Units,0,Zero
DATAFLOW,OECD.ELS.SAE:DSD_EARNINGS@AV_AN_WAGE(1.0),Average annual wages,I,AUT,Austria,WG,Wages,EUR,Euro,A,Annual,Q,Constant prices,MEAN,Mean,_Z,Not applicable,2024,,56968.032,,2024,,A,Normal value,0,Units,0,Zero
DATAFLOW,OECD.ELS.SAE:DSD_EARNINGS@AV_AN_WAGE(1.0),Average annual wages,I,FRA,France,WG,Wages,EUR,Euro,A,Annual,Q,Constant prices,MEAN,Mean,_Z,Not applicable,2010,,42877.819,,2024,,A,Normal value,0,Units,0,Zero
DATAFLOW,OECD.ELS.SAE:DSD_EARNINGS@AV_AN_WAGE(1.0),Average annual wages,I,FRA,France,WG,Wages,EUR,Euro,A,Annual,Q,Constant prices,MEAN,Mean,_Z,Not applicable,2011,,42800.958,,2024,,A,Normal value,0,Units,0,Zero
DATAFLOW,OECD.ELS.SAE:DSD_EARNINGS@AV_AN_WAGE(1.0),Average annual wages,I,FRA,France,WG,Wages,EUR,Euro,A,Annual,Q,Constant prices,MEAN,Mean,_Z,Not applicable,2012,,43079.481,,2024,,A,Normal value,0,Units,0,Zero
DATAFLOW,OECD.ELS.SAE:DSD_EARNINGS@AV_AN_WAGE(1.0),Average annual wages,I,FRA,France,WG,Wages,EUR,Euro,A,Annual,Q,Constant prices,MEAN,Mean,_Z,Not applicable,2013,,43448.558,,2024,,A,Normal value,0,Units,0,Zero
DATAFLOW,OECD.ELS.SAE:DSD_EARNINGS@AV_AN_WAGE(1.0),Average annual wages,I,FRA,France,WG,Wages,EUR,Euro,A,Annual,Q,Constant prices,MEAN,Mean,_Z,Not applicable,2014,,43749.179,,2024,,A,Normal value,0,Units,0,Zero
DATAFLOW,OECD.ELS.SAE:DSD_EARNINGS@AV_AN_WAGE(1.0),Average annual wages,I,FRA,France,WG,Wages,EUR,Euro,A,Annual,Q,Constant prices,MEAN,Mean,_Z,Not applicable,2015,,44161.864,,2024,,A,Normal value,0,Units,0,Zero
DATAFLOW,OECD.ELS.SAE:DSD_EARNINGS@AV_AN_WAGE(1.0),Average annual wages,I,FRA,France,WG,Wages,EUR,Euro,A,Annual,Q,Constant prices,MEAN,Mean,_Z,Not applicable,2016,,44668.788,,2024,,A,Normal value,0,Units,0,Zero
DATAFLOW,OECD.ELS.SAE:DSD_EARNINGS@AV_AN_WAGE(1.0),Average annual wages,I,FRA,France,WG,Wages,EUR,Euro,A,Annual,Q,Constant prices,MEAN,Mean,_Z,Not applicable,2017,,45287.961,,2024,,A,Normal value,0,Units,0,Zero
DATAFLOW,OECD.ELS.SAE:DSD_EARNINGS@AV_AN_WAGE(1.0),Average annual wages,I,FRA,France,WG,Wages,EUR,Euro,A,Annual,Q,Constant prices,MEAN,Mean,_Z,Not applicable,2018,,45229.953,,2024,,A,Normal value,0,Units,0,Zero
DATAFLOW,OECD.ELS.SAE:DSD_EARNINGS@AV_AN_WAGE(1.0),Average annual wages,I,FRA,France,WG,Wages,EUR,Euro,A,Annual,Q,Constant prices,MEAN,Mean,_Z,Not applicable,2019,,45667.136,,2024,,A,Normal value,0,Units,0,Zero
DATAFLOW,OECD.ELS.SAE:DSD_EARNINGS@AV_AN_WAGE(1.0),Average annual wages,I,FRA,France,WG,Wages,EUR,Euro,A,Annual,Q,Constant prices,MEAN,Mean,_Z,Not applicable,2020,,43413.829,,2024,,A,Normal value,0,Units,0,Zero
DATAFLOW,OECD.ELS.SAE:DSD_EARNINGS@AV_AN_WAGE(1.0),Average annual wages,I,FRA,France,WG,Wages,EUR,Euro,A,Annual,Q,Constant prices,MEAN,Mean,_Z,Not applicable,2021,,45125.444,,2024,,A,Normal value,0,Units,0,Zero
DATAFLOW,OECD.ELS.SAE:DSD_EARNINGS@AV_AN_WAGE(1.0),Average annual wages,I,FRA,France,WG,Wages,EUR,Euro,A,Annual,Q,Constant prices,MEAN,Mean,_Z,Not applicable,2022,,45314.902,,2024,,A,Normal value,0,Units,0,Zero
DATAFLOW,OECD.ELS.SAE:DSD_EARNINGS@AV_AN_WAGE(1.0),Average annual wages,I,FRA,France,WG,Wages,EUR,Euro,A,Annual,Q,Constant prices,MEAN,Mean,_Z,Not applicable,2023,,44562.157,,2024,,A,Normal value,0,Units,0,Zero
DATAFLOW,OECD.ELS.SAE:DSD_EARNINGS@AV_AN_WAGE(1.0),Average annual wages,I,FRA,France,WG,Wages,EUR,Euro,A,Annual,Q,Constant prices,MEAN,Mean,_Z,Not applicable,2024,,44908.538,,2024,,A,Normal value,0,Units,0,Zero
DATAFLOW,OECD.ELS.SAE:DSD_EARNINGS@AV_AN_WAGE(1.0),Average annual wages,I,DEU,Germany,WG,Wages,EUR,Euro,A,Annual,Q,Constant prices,MEAN,Mean,_Z,Not applicable,2010,,44274.261,,2024,,A,Normal value,0,Units,0,Zero
DATAFLOW,OECD.ELS.SAE:DSD_EARNINGS@AV_AN_WAGE(1.0),Average annual wages,I,DEU,Germany,WG,Wages,EUR,Euro,A,Annual,Q,Constant prices,MEAN,Mean,_Z,Not applicable,2011,,45166.813,,2024,,A,Normal value,0,Units,0,Zero
DATAFLOW,OECD.ELS.SAE:DSD_EARNINGS@AV_AN_WAGE(1.0),Average annual wages,I,DEU,Germany,WG,Wages,EUR,Euro,A,Annual,Q,Constant prices,MEAN,Mean,_Z,Not applicable,2012,,45769.416,,2024,,A,Normal value,0,Units,0,Zero
DATAFLOW,OECD.ELS.SAE:DSD_EARNINGS@AV_AN_WAGE(1.0),Average annual wages,I,DEU,Germany,WG,Wages,EUR,Euro,A,Annual,Q,Constant prices,MEAN,Mean,_Z,Not applicable,2013,,46200.362,,2024,,A,Normal value,0,Units,0,Zero
DATAFLOW,OECD.ELS.SAE:DSD_EARNINGS@AV_AN_WAGE(1.0),Average annual wages,I,DEU,Germany,WG,Wages,EUR,Euro,A,Annual,Q,Constant prices,MEAN,Mean,_Z,Not applicable,2014,,46974.871,,2024,,A,Normal value,0,Units,0,Zero
DATAFLOW,OECD.ELS.SAE:DSD_EARNINGS@AV_AN_WAGE(1.0),Average annual wages,I,DEU,Germany,WG,Wages,EUR,Euro,A,Annual,Q,Constant prices,MEAN,Mean,_Z,Not applicable,2015,,48054.24,,2024,,A,Normal value,0,Units,0,Zero
DATAFLOW,OECD.ELS.SAE:DSD_EARNINGS@AV_AN_WAGE(1.0),Average annual wages,I,DEU,Germany,WG,Wages,EUR,Euro,A,Annual,Q,Constant prices,MEAN,Mean,_Z,Not applicable,2016,,48792.304,,2024,,A,Normal value,0,Units,0,Zero
DATAFLOW,OECD.ELS.SAE:DSD_EARNINGS@AV_AN_WAGE(1.0),Average annual wages,I,DEU,Germany,WG,Wages,EUR,Euro,A,Annual,Q,Constant prices,MEAN,Mean,_Z,Not applicable,2017,,49304.809,,2024,,A,Normal value,0,Units,0,Zero
DATAFLOW,OECD.ELS.SAE:DSD_EARNINGS@AV_AN_WAGE(1.0),Average annual wages,I,DEU,Germany,WG,Wages,EUR,Euro,A,Annual,Q,Constant prices,MEAN,Mean,_Z,Not applicable,2018,,49994.403,,2024,,A,Normal value,0,Units,0,Zero
DATAFLOW,OECD.ELS.SAE:DSD_EARNINGS@AV_AN_WAGE(1.0),Average annual wages,I,DEU,Germany,WG,Wages,EUR,Euro,A,Annual,Q,Constant prices,MEAN,Mean,_Z,Not applicable,2019,,50830.282,,2024,,A,Normal value,0,Units,0,Zero
DATAFLOW,OECD.ELS.SAE:DSD_EARNINGS@AV_AN_WAGE(1.0),Average annual wages,I,DEU,Germany,WG,Wages,EUR,Euro,A,Annual,Q,Constant prices,MEAN,Mean,_Z,Not applicable,2020,,50486.893,,2024,,A,Normal value,0,Units,0,Zero
DATAFLOW,OECD.ELS.SAE:DSD_EARNINGS@AV_AN_WAGE(1.0),Average annual wages,I,DEU,Germany,WG,Wages,EUR,Euro,A,Annual,Q,Constant prices,MEAN,Mean,_Z,Not applicable,2021,,50543.136,,2024,,A,Normal value,0,Units,0,Zero
DATAFLOW,OECD.ELS.SAE:DSD_EARNINGS@AV_AN_WAGE(1.0),Average annual wages,I,DEU,Germany,WG,Wages,EUR,Euro,A,Annual,Q,Constant prices,MEAN,Mean,_Z,Not applicable,2022,,49382.89,,2024,,A,Normal value,0,Units,0,Zero
DATAFLOW,OECD.ELS.SAE:DSD_EARNINGS@AV_AN_WAGE(1.0),Average annual wages,I,DEU,Germany,WG,Wages,EUR,Euro,A,Annual,Q,Constant prices,MEAN,Mean,_Z,Not applicable,2023,,49295.067,,2024,,A,Normal value,0,Units,0,Zero
DATAFLOW,OECD.ELS.SAE:DSD_EARNINGS@AV_AN_WAGE(1.0),Average annual wages,I,DEU,Germany,WG,Wages,EUR,Euro,A,Annual,Q,Constant prices,MEAN,Mean,_Z,Not applicable,2024,,50256.9,,2024,,A,Normal value,0,Units,0,Zero
DATAFLOW,OECD.ELS.SAE:DSD_EARNINGS@AV_AN_WAGE(1.0),Average annual wages,I,ITA,Italy,WG,Wages,EUR,Euro,A,Annual,Q,Constant prices,MEAN,Mean,_Z,Not applicable,2010,,35685.267,,2024,,A,Normal value,0,Units,0,Zero
DATAFLOW,OECD.ELS.SAE:DSD_EARNINGS@AV_AN_WAGE(1.0),Average annual wages,I,ITA,Italy,WG,Wages,EUR,Euro,A,Annual,Q,Constant prices,MEAN,Mean,_Z,Not applicable,2011,,35115.967,,2024,,A,Normal value,0,Units,0,Zero
DATAFLOW,OECD.ELS.SAE:DSD_EARNINGS@AV_AN_WAGE(1.0),Average annual wages,I,ITA,Italy,WG,Wages,EUR,Euro,A,Annual,Q,Constant prices,MEAN,Mean,_Z,Not applicable,2012,,34001.344,,2024,,A,Normal value,0,Units,0,Zero
DATAFLOW,OECD.ELS.SAE:DSD_EARNINGS@AV_AN_WAGE(1.0),Average annual wages,I,ITA,Italy,WG,Wages,EUR,Euro,A,Annual,Q,Constant prices,MEAN,Mean,_Z,Not applicable,2013,,34112.556,,2024,,A,Normal value,0,Units,0,Zero
DATAFLOW,OECD.ELS.SAE:DSD_EARNINGS@AV_AN_WAGE(1.0),Average annual wages,I,ITA,Italy,WG,Wages,EUR,Euro,A,Annual,Q,Constant prices,MEAN,Mean,_Z,Not applicable,2014,,34245.32,,2024,,A,Normal value,0,Units,0,Zero
DATAFLOW,OECD.ELS.SAE:DSD_EARNINGS@AV_AN_WAGE(1.0),Average annual wages,I,ITA,Italy,WG,Wages,EUR,Euro,A,Annual,Q,Constant prices,MEAN,Mean,_Z,Not applicable,2015,,34541.715,,2024,,A,Normal value,0,Units,0,Zero
DATAFLOW,OECD.ELS.SAE:DSD_EARNINGS@AV_AN_WAGE(1.0),Average annual wages,I,ITA,Italy,WG,Wages,EUR,Euro,A,Annual,Q,Constant prices,MEAN,Mean,_Z,Not applicable,2016,,34817.994,,2024,,A,Normal value,0,Units,0,Zero
DATAFLOW,OECD.ELS.SAE:DSD_EARNINGS@AV_AN_WAGE(1.0),Average annual wages,I,ITA,Italy,WG,Wages,EUR,Euro,A,Annual,Q,Constant prices,MEAN,Mean,_Z,Not applicable,2017,,34595.128,,2024,,A,Normal value,0,Units,0,Zero
DATAFLOW,OECD.ELS.SAE:DSD_EARNINGS@AV_AN_WAGE(1.0),Average annual wages,I,ITA,Italy,WG,Wages,EUR,Euro,A,Annual,Q,Constant prices,MEAN,Mean,_Z,Not applicable,2018,,34634.246,,2024,,A,Normal value,0,Units,0,Zero
DATAFLOW,OECD.ELS.SAE:DSD_EARNINGS@AV_AN_WAGE(1.0),Average annual wages,I,ITA,Italy,WG,Wages,EUR,Euro,A,Annual,Q,Constant prices,MEAN,Mean,_Z,Not applicable,2019,,34806.876,,2024,,A,Normal value,0,Units,0,Zero
DATAFLOW,OECD.ELS.SAE:DSD_EARNINGS@AV_AN_WAGE(1.0),Average annual wages,I,ITA,Italy,WG,Wages,EUR,Euro,A,Annual,Q,Constant prices,MEAN,Mean,_Z,Not applicable,2020,,33145.942,,2024,,A,Normal value,0,Units,0,Zero
DATAFLOW,OECD.ELS.SAE:DSD_EARNINGS@AV_AN_WAGE(1.0),Average annual wages,I,ITA,Italy,WG,Wages,EUR,Euro,A,Annual,Q,Constant prices,MEAN,Mean,_Z,Not applicable,2021,,34641.241,,2024,,A,Normal value,0,Units,0,Zero
DATAFLOW,OECD.ELS.SAE:DSD_EARNINGS@AV_AN_WAGE(1.0),Average annual wages,I,ITA,Italy,WG,Wages,EUR,Euro,A,Annual,Q,Constant prices,MEAN,Mean,_Z,Not applicable,2022,,33752.774,,2024,,A,Normal value,0,Units,0,Zero
DATAFLOW,OECD.ELS.SAE:DSD_EARNINGS@AV_AN_WAGE(1.0),Average annual wages,I,ITA,Italy,WG,Wages,EUR,Euro,A,Annual,Q,Constant prices,MEAN,Mean,_Z,Not applicable,2023,,32820.224,,2024,,A,Normal value,0,Units,0,Zero
DATAFLOW,OECD.ELS.SAE:DSD_EARNINGS@AV_AN_WAGE(1.0),Average annual wages,I,ITA,Italy,WG,Wages,EUR,Euro,A,Annual,Q,Constant prices,MEAN,Mean,_Z,Not applicable,2024,,33148.002,,2024,,A,Normal value,0,Units,0,Zero
DATAFLOW,OECD.ELS.SAE:DSD_EARNINGS@AV_AN_WAGE(1.0),Average annual wages,I,NLD,Netherlands,WG,Wages,EUR,Euro,A,Annual,Q,Constant prices,MEAN,Mean,_Z,Not applicable,2010,,61394.186,,2024,,A,Normal value,0,Units,0,Zero
DATAFLOW,OECD.ELS.SAE:DSD_EARNINGS@AV_AN_WAGE(1.0),Average annual wages,I,NLD,Netherlands,WG,Wages,EUR,Euro,A,Annual,Q,Constant prices,MEAN,Mean,_Z,Not applicable,2011,,61195.853,,2024,,A,Normal value,0,Units,0,Zero
DATAFLOW,OECD.ELS.SAE:DSD_EARNINGS@AV_AN_WAGE(1.0),Average annual wages,I,NLD,Netherlands,WG,Wages,EUR,Euro,A,Annual,Q,Constant prices,MEAN,Mean,_Z,Not applicable,2012,,61399.655,,2024,,A,Normal value,0,Units,0,Zero
DATAFLOW,OECD.ELS.SAE:DSD_EARNINGS@AV_AN_WAGE(1.0),Average annual wages,I,NLD,Netherlands,WG,Wages,EUR,Euro,A,Annual,Q,Constant prices,MEAN,Mean,_Z,Not applicable,2013,,61583.445,,2024,,A,Normal value,0,Units,0,Zero
DATAFLOW,OECD.ELS.SAE:DSD_EARNINGS@AV_AN_WAGE(1.0),Average annual wages,I,NLD,Netherlands,WG,Wages,EUR,Euro,A,Annual,Q,Constant prices,MEAN,Mean,_Z,Not applicable,2014,,61248.778,,2024,,A,Normal value,0,Units,0,Zero
DATAFLOW,OECD.ELS.SAE:DSD_EARNINGS@AV_AN_WAGE(1.0),Average annual wages,I,NLD,Netherlands,WG,Wages,EUR,Euro,A,Annual,Q,Constant prices,MEAN,Mean,_Z,Not applicable,2015,,61994.955,,2024,,A,Normal value,0,Units,0,Zero
DATAFLOW,OECD.ELS.SAE:DSD_EARNINGS@AV_AN_WAGE(1.0),Average annual wages,I,NLD,Netherlands,WG,Wages,EUR,Euro,A,Annual,Q,Constant prices,MEAN,Mean,_Z,Not applicable,2016,,62242.23,,2024,,A,Normal value,0,Units,0,Zero
DATAFLOW,OECD.ELS.SAE:DSD_EARNINGS@AV_AN_WAGE(1.0),Average annual wages,I,NLD,Netherlands,WG,Wages,EUR,Euro,A,Annual,Q,Constant prices,MEAN,Mean,_Z,Not applicable,2017,,61788.412,,2024,,A,Normal value,0,Units,0,Zero
DATAFLOW,OECD.ELS.SAE:DSD_EARNINGS@AV_AN_WAGE(1.0),Average annual wages,I,NLD,Netherlands,WG,Wages,EUR,Euro,A,Annual,Q,Constant prices,MEAN,Mean,_Z,Not applicable,2018,,61104.18,,2024,,A,Normal value,0,Units,0,Zero
DATAFLOW,OECD.ELS.SAE:DSD_EARNINGS@AV_AN_WAGE(1.0),Average annual wages,I,NLD,Netherlands,WG,Wages,EUR,Euro,A,Annual,Q,Constant prices,MEAN,Mean,_Z,Not applicable,2019,,60673.498,,2024,,A,Normal value,0,Units,0,Zero
DATAFLOW,OECD.ELS.SAE:DSD_EARNINGS@AV_AN_WAGE(1.0),Average annual wages,I,NLD,Netherlands,WG,Wages,EUR,Euro,A,Annual,Q,Constant prices,MEAN,Mean,_Z,Not applicable,2020,,62002.128,,2024,,A,Normal value,0,Units,0,Zero
DATAFLOW,OECD.ELS.SAE:DSD_EARNINGS@AV_AN_WAGE(1.0),Average annual wages,I,NLD,Netherlands,WG,Wages,EUR,Euro,A,Annual,Q,Constant prices,MEAN,Mean,_Z,Not applicable,2021,,61294.619,,2024,,A,Normal value,0,Units,0,Zero
DATAFLOW,OECD.ELS.SAE:DSD_EARNINGS@AV_AN_WAGE(1.0),Average annual wages,I,NLD,Netherlands,WG,Wages,EUR,Euro,A,Annual,Q,Constant prices,MEAN,Mean,_Z,Not applicable,2022,,58919.348,,2024,,A,Normal value,0,Units,0,Zero
DATAFLOW,OECD.ELS.SAE:DSD_EARNINGS@AV_AN_WAGE(1.0),Average annual wages,I,NLD,Netherlands,WG,Wages,EUR,Euro,A,Annual,Q,Constant prices,MEAN,Mean,_Z,Not applicable,2023,,57613.851,,2024,,A,Normal value,0,Units,0,Zero
DATAFLOW,OECD.ELS.SAE:DSD_EARNINGS@AV_AN_WAGE(1.0),Average annual wages,I,NLD,Netherlands,WG,Wages,EUR,Euro,A,Annual,Q,Constant prices,MEAN,Mean,_Z,Not applicable,2024,,58248.347,,2024,,A,Normal value,0,Units,0,Zero
DATAFLOW,OECD.ELS.SAE:DSD_EARNINGS@AV_AN_WAGE(1.0),Average annual wages,I,PRT,Portugal,WG,Wages,EUR,Euro,A,Annual,Q,Constant prices,MEAN,Mean,_Z,Not applicable,2010,,21882.119,,2024,,A,Normal value,0,Units,0,Zero
DATAFLOW,OECD.ELS.SAE:DSD_EARNINGS@AV_AN_WAGE(1.0),Average annual wages,I,PRT,Portugal,WG,Wages,EUR,Euro,A,Annual,Q,Constant prices,MEAN,Mean,_Z,Not applicable,2011,,21376.813,,2024,,A,Normal value,0,Units,0,Zero
DATAFLOW,OECD.ELS.SAE:DSD_EARNINGS@AV_AN_WAGE(1.0),Average annual wages,I,PRT,Portugal,WG,Wages,EUR,Euro,A,Annual,Q,Constant prices,MEAN,Mean,_Z,Not applicable,2012,,20438.046,,2024,,A,Normal value,0,Units,0,Zero
DATAFLOW,OECD.ELS.SAE:DSD_EARNINGS@AV_AN_WAGE(1.0),Average annual wages,I,PRT,Portugal,WG,Wages,EUR,Euro,A,Annual,Q,Constant prices,MEAN,Mean,_Z,Not applicable,2013,,20825.438,,2024,,A,Normal value,0,Units,0,Zero
DATAFLOW,OECD.ELS.SAE:DSD_EARNINGS@AV_AN_WAGE(1.0),Average annual wages,I,PRT,Portugal,WG,Wages,EUR,Euro,A,Annual,Q,Constant prices,MEAN,Mean,_Z,Not applicable,2014,,20484.831,,2024,,A,Normal value,0,Units,0,Zero
DATAFLOW,OECD.ELS.SAE:DSD_EARNINGS@AV_AN_WAGE(1.0),Average annual wages,I,PRT,Portugal,WG,Wages,EUR,Euro,A,Annual,Q,Constant prices,MEAN,Mean,_Z,Not applicable,2015,,20435.864,,2024,,A,Normal value,0,Units,0,Zero
DATAFLOW,OECD.ELS.SAE:DSD_EARNINGS@AV_AN_WAGE(1.0),Average annual wages,I,PRT,Portugal,WG,Wages,EUR,Euro,A,Annual,Q,Constant prices,MEAN,Mean,_Z,Not applicable,2016,,20442.12,,2024,,A,Normal value,0,Units,0,Zero
DATAFLOW,OECD.ELS.SAE:DSD_EARNINGS@AV_AN_WAGE(1.0),Average annual wages,I,PRT,Portugal,WG,Wages,EUR,Euro,A,Annual,Q,Constant prices,MEAN,Mean,_Z,Not applicable,2017,,20526.714,,2024,,A,Normal value,0,Units,0,Zero
DATAFLOW,OECD.ELS.SAE:DSD_EARNINGS@AV_AN_WAGE(1.0),Average annual wages,I,PRT,Portugal,WG,Wages,EUR,Euro,A,Annual,Q,Constant prices,MEAN,Mean,_Z,Not applicable,2018,,20861.367,,2024,,A,Normal value,0,Units,0,Zero
DATAFLOW,OECD.ELS.SAE:DSD_EARNINGS@AV_AN_WAGE(1.0),Average annual wages,I,PRT,Portugal,WG,Wages,EUR,Euro,A,Annual,Q,Constant prices,MEAN,Mean,_Z,Not applicable,2019,,21671.684,,2024,,A,Normal value,0,Units,0,Zero
DATAFLOW,OECD.ELS.SAE:DSD_EARNINGS@AV_AN_WAGE(1.0),Average annual wages,I,PRT,Portugal,WG,Wages,EUR,Euro,A,Annual,Q,Constant prices,MEAN,Mean,_Z,Not applicable,2020,,21820.653,,2024,,A,Normal value,0,Units,0,Zero
DATAFLOW,OECD.ELS.SAE:DSD_EARNINGS@AV_AN_WAGE(1.0),Average annual wages,I,PRT,Portugal,WG,Wages,EUR,Euro,A,Annual,Q,Constant prices,MEAN,Mean,_Z,Not applicable,2021,,22251.216,,2024,,A,Normal value,0,Units,0,Zero
DATAFLOW,OECD.ELS.SAE:DSD_EARNINGS@AV_AN_WAGE(1.0),Average annual wages,I,PRT,Portugal,WG,Wages,EUR,Euro,A,Annual,Q,Constant prices,MEAN,Mean,_Z,Not applicable,2022,,21994.55,,2024,,A,Normal value,0,Units,0,Zero
DATAFLOW,OECD.ELS.SAE:DSD_EARNINGS@AV_AN_WAGE(1.0),Average annual wages,I,PRT,Portugal,WG,Wages,EUR,Euro,A,Annual,Q,Constant prices,MEAN,Mean,_Z,Not applicable,2023,,22571.98,,2024,,A,Normal value,0,Units,0,Zero
DATAFLOW,OECD.ELS.SAE:DSD_EARNINGS@AV_AN_WAGE(1.0),Average annual wages,I,PRT,Portugal,WG,Wages,EUR,Euro,A,Annual,Q,Constant prices,MEAN,Mean,_Z,Not applicable,2024,,23177.059,,2024,,A,Normal value,0,Units,0,Zero
DATAFLOW,OECD.ELS.SAE:DSD_EARNINGS@AV_AN_WAGE(1.0),Average annual wages,I,ESP,Spain,WG,Wages,EUR,Euro,A,Annual,Q,Constant prices,MEAN,Mean,_Z,Not applicable,2010,,33996.539,,2024,,A,Normal value,0,Units,0,Zero
DATAFLOW,OECD.ELS.SAE:DSD_EARNINGS@AV_AN_WAGE(1.0),Average annual wages,I,ESP,Spain,WG,Wages,EUR,Euro,A,Annual,Q,Constant prices,MEAN,Mean,_Z,Not applicable,2011,,33389.627,,2024,,A,Normal value,0,Units,0,Zero
DATAFLOW,OECD.ELS.SAE:DSD_EARNINGS@AV_AN_WAGE(1.0),Average annual wages,I,ESP,Spain,WG,Wages,EUR,Euro,A,Annual,Q,Constant prices,MEAN,Mean,_Z,Not applicable,2012,,32454.156,,2024,,A,Normal value,0,Units,0,Zero
DATAFLOW,OECD.ELS.SAE:DSD_EARNINGS@AV_AN_WAGE(1.0),Average annual wages,I,ESP,Spain,WG,Wages,EUR,Euro,A,Annual,Q,Constant prices,MEAN,Mean,_Z,Not applicable,2013,,32458.827,,2024,,A,Normal value,0,Units,0,Zero
DATAFLOW,OECD.ELS.SAE:DSD_EARNINGS@AV_AN_WAGE(1.0),Average annual wages,I,ESP,Spain,WG,Wages,EUR,Euro,A,Annual,Q,Constant prices,MEAN,Mean,_Z,Not applicable,2014,,32357.311,,2024,,A,Normal value,0,Units,0,Zero
DATAFLOW,OECD.ELS.SAE:DSD_EARNINGS@AV_AN_WAGE(1.0),Average annual wages,I,ESP,Spain,WG,Wages,EUR,Euro,A,Annual,Q,Constant prices,MEAN,Mean,_Z,Not applicable,2015,,32840.249,,2024,,A,Normal value,0,Units,0,Zero
DATAFLOW,OECD.ELS.SAE:DSD_EARNINGS@AV_AN_WAGE(1.0),Average annual wages,I,ESP,Spain,WG,Wages,EUR,Euro,A,Annual,Q,Constant prices,MEAN,Mean,_Z,Not applicable,2016,,32657.81,,2024,,A,Normal value,0,Units,0,Zero
DATAFLOW,OECD.ELS.SAE:DSD_EARNINGS@AV_AN_WAGE(1.0),Average annual wages,I,ESP,Spain,WG,Wages,EUR,Euro,A,Annual,Q,Constant prices,MEAN,Mean,_Z,Not applicable,2017,,32232.377,,2024,,A,Normal value,0,Units,0,Zero
DATAFLOW,OECD.ELS.SAE:DSD_EARNINGS@AV_AN_WAGE(1.0),Average annual wages,I,ESP,Spain,WG,Wages,EUR,Euro,A,Annual,Q,Constant prices,MEAN,Mean,_Z,Not applicable,2018,,32147.437,,2024,,A,Normal value,0,Units,0,Zero
DATAFLOW,OECD.ELS.SAE:DSD_EARNINGS@AV_AN_WAGE(1.0),Average annual wages,I,ESP,Spain,WG,Wages,EUR,Euro,A,Annual,Q,Constant prices,MEAN,Mean,_Z,Not applicable,2019,,32520.622,,2024,,A,Normal value,0,Units,0,Zero
DATAFLOW,OECD.ELS.SAE:DSD_EARNINGS@AV_AN_WAGE(1.0),Average annual wages,I,ESP,Spain,WG,Wages,EUR,Euro,A,Annual,Q,Constant prices,MEAN,Mean,_Z,Not applicable,2020,,32376.929,,2024,,A,Normal value,0,Units,0,Zero
DATAFLOW,OECD.ELS.SAE:DSD_EARNINGS@AV_AN_WAGE(1.0),Average annual wages,I,ESP,Spain,WG,Wages,EUR,Euro,A,Annual,Q,Constant prices,MEAN,Mean,_Z,Not applicable,2021,,33523.605,,2024,,A,Normal value,0,Units,0,Zero
DATAFLOW,OECD.ELS.SAE:DSD_EARNINGS@AV_AN_WAGE(1.0),Average annual wages,I,ESP,Spain,WG,Wages,EUR,Euro,A,Annual,Q,Constant prices,MEAN,Mean,_Z,Not applicable,2022,,32674.466,,2024,,A,Normal value,0,Units,0,Zero
DATAFLOW,OECD.ELS.SAE:DSD_EARNINGS@AV_AN_WAGE(1.0),Average annual wages,I,ESP,Spain,WG,Wages,EUR,Euro,A,Annual,Q,Constant prices,MEAN,Mean,_Z,Not applicable,2023,,32980.355,,2024,,A,Normal value,0,Units,0,Zero
DATAFLOW,OECD.ELS.SAE:DSD_EARNINGS@AV_AN_WAGE(1.0),Average annual wages,I,ESP,Spain,WG,Wages,EUR,Euro,A,Annual,Q,Constant prices,MEAN,Mean,_Z,Not applicable,2024,,33043.823,,2024,,A,Normal value,0,Units,0,Zero
DATAFLOW,OECD.ELS.SAE:DSD_EARNINGS@AV_AN_WAGE(1.0),Average annual wages,I,POL,Poland,WG,Wages,PLN,Zloty,A,Annual,Q,Constant prices,MEAN,Mean,_Z,Not applicable,2010,,66459.548,,2024,,A,Normal value,0,Units,0,Zero
DATAFLOW,OECD.ELS.SAE:DSD_EARNINGS@AV_AN_WAGE(1.0),Average annual wages,I,POL,Poland,WG,Wages,PLN,Zloty,A,Annual,Q,Constant prices,MEAN,Mean,_Z,Not applicable,2011,,66826.728,,2024,,A,Normal value,0,Units,0,Zero
DATAFLOW,OECD.ELS.SAE:DSD_EARNINGS@AV_AN_WAGE(1.0),Average annual wages,I,POL,Poland,WG,Wages,PLN,Zloty,A,Annual,Q,Constant prices,MEAN,Mean,_Z,Not applicable,2012,,66170.886,,2024,,A,Normal value,0,Units,0,Zero
DATAFLOW,OECD.ELS.SAE:DSD_EARNINGS@AV_AN_WAGE(1.0),Average annual wages,I,POL,Poland,WG,Wages,PLN,Zloty,A,Annual,Q,Constant prices,MEAN,Mean,_Z,Not applicable,2013,,66890.577,,2024,,A,Normal value,0,Units,0,Zero
DATAFLOW,OECD.ELS.SAE:DSD_EARNINGS@AV_AN_WAGE(1.0),Average annual wages,I,POL,Poland,WG,Wages,PLN,Zloty,A,Annual,Q,Constant prices,MEAN,Mean,_Z,Not applicable,2014,,68416.93,,2024,,A,Normal value,0,Units,0,Zero
DATAFLOW,OECD.ELS.SAE:DSD_EARNINGS@AV_AN_WAGE(1.0),Average annual wages,I,POL,Poland,WG,Wages,PLN,Zloty,A,Annual,Q,Constant prices,MEAN,Mean,_Z,Not applicable,2015,,70101.678,,2024,,A,Normal value,0,Units,0,Zero
DATAFLOW,OECD.ELS.SAE:DSD_EARNINGS@AV_AN_WAGE(1.0),Average annual wages,I,POL,Poland,WG,Wages,PLN,Zloty,A,Annual,Q,Constant prices,MEAN,Mean,_Z,Not applicable,2016,,73810.303,,2024,,A,Normal value,0,Units,0,Zero
DATAFLOW,OECD.ELS.SAE:DSD_EARNINGS@AV_AN_WAGE(1.0),Average annual wages,I,POL,Poland,WG,Wages,PLN,Zloty,A,Annual,Q,Constant prices,MEAN,Mean,_Z,Not applicable,2017,,76828.632,,2024,,A,Normal value,0,Units,0,Zero
DATAFLOW,OECD.ELS.SAE:DSD_EARNINGS@AV_AN_WAGE(1.0),Average annual wages,I,POL,Poland,WG,Wages,PLN,Zloty,A,Annual,Q,Constant prices,MEAN,Mean,_Z,Not applicable,2018,,81730.861,,2024,,A,Normal value,0,Units,0,Zero
DATAFLOW,OECD.ELS.SAE:DSD_EARNINGS@AV_AN_WAGE(1.0),Average annual wages,I,POL,Poland,WG,Wages,PLN,Zloty,A,Annual,Q,Constant prices,MEAN,Mean,_Z,Not applicable,2019,,86778.8,,2024,,A,Normal value,0,Units,0,Zero
DATAFLOW,OECD.ELS.SAE:DSD_EARNINGS@AV_AN_WAGE(1.0),Average annual wages,I,POL,Poland,WG,Wages,PLN,Zloty,A,Annual,Q,Constant prices,MEAN,Mean,_Z,Not applicable,2020,,88307.177,,2024,,A,Normal value,0,Units,0,Zero
DATAFLOW,OECD.ELS.SAE:DSD_EARNINGS@AV_AN_WAGE(1.0),Average annual wages,I,POL,Poland,WG,Wages,PLN,Zloty,A,Annual,Q,Constant prices,MEAN,Mean,_Z,Not applicable,2021,,87838.207,,2024,,A,Normal value,0,Units,0,Zero
DATAFLOW,OECD.ELS.SAE:DSD_EARNINGS@AV_AN_WAGE(1.0),Average annual wages,I,POL,Poland,WG,Wages,PLN,Zloty,A,Annual,Q,Constant prices,MEAN,Mean,_Z,Not applicable,2022,,84015.374,,2024,,A,Normal value,0,Units,0,Zero
DATAFLOW,OECD.ELS.SAE:DSD_EARNINGS@AV_AN_WAGE(1.0),Average annual wages,I,POL,Poland,WG,Wages,PLN,Zloty,A,Annual,Q,Constant prices,MEAN,Mean,_Z,Not applicable,2023,,86168.242,,2024,,A,Normal value,0,Units,0,Zero
DATAFLOW,OECD.ELS.SAE:DSD_EARNINGS@AV_AN_WAGE(1.0),Average annual wages,I,POL,Poland,WG,Wages,PLN,Zloty,A,Annual,Q,Constant prices,MEAN,Mean,_Z,Not applicable,2024,,91625.251,,2024,,A,Normal value,0,Units,0,Zero
DATAFLOW,OECD.ELS.SAE:DSD_EARNINGS@AV_AN_WAGE(1.0),Average annual wages,I,SWE,Sweden,WG,Wages,SEK,Swedish krona,A,Annual,Q,Constant prices,MEAN,Mean,_Z,Not applicable,2010,,471557.03,,2024,,A,Normal value,0,Units,0,Zero
DATAFLOW,OECD.ELS.SAE:DSD_EARNINGS@AV_AN_WAGE(1.0),Average annual wages,I,SWE,Sweden,WG,Wages,SEK,Swedish krona,A,Annual,Q,Constant prices,MEAN,Mean,_Z,Not applicable,2011,,478797.37,,2024,,A,Normal value,0,Units,0,Zero
DATAFLOW,OECD.ELS.SAE:DSD_EARNINGS@AV_AN_WAGE(1.0),Average annual wages,I,SWE,Sweden,WG,Wages,SEK,Swedish krona,A,Annual,Q,Constant prices,MEAN,Mean,_Z,Not applicable,2012,,488908.24,,2024,,A,Normal value,0,Units,0,Zero
DATAFLOW,OECD.ELS.SAE:DSD_EARNINGS@AV_AN_WAGE(1.0),Average annual wages,I,SWE,Sweden,WG,Wages,SEK,Swedish krona,A,Annual,Q,Constant prices,MEAN,Mean,_Z,Not applicable,2013,,494362.28,,2024,,A,Normal value,0,Units,0,Zero
DATAFLOW,OECD.ELS.SAE:DSD_EARNINGS@AV_AN_WAGE(1.0),Average annual wages,I,SWE,Sweden,WG,Wages,SEK,Swedish krona,A,Annual,Q,Constant prices,MEAN,Mean,_Z,Not applicable,2014,,499870.39,,2024,,A,Normal value,0,Units,0,Zero
DATAFLOW,OECD.ELS.SAE:DSD_EARNINGS@AV_AN_WAGE(1.0),Average annual wages,I,SWE,Sweden,WG,Wages,SEK,Swedish krona,A,Annual,Q,Constant prices,MEAN,Mean,_Z,Not applicable,2015,,507317.58,,2024,,A,Normal value,0,Units,0,Zero
DATAFLOW,OECD.ELS.SAE:DSD_EARNINGS@AV_AN_WAGE(1.0),Average annual wages,I,SWE,Sweden,WG,Wages,SEK,Swedish krona,A,Annual,Q,Constant prices,MEAN,Mean,_Z,Not applicable,2016,,515252.61,,2024,,A,Normal value,0,Units,0,Zero
DATAFLOW,OECD.ELS.SAE:DSD_EARNINGS@AV_AN_WAGE(1.0),Average annual wages,I,SWE,Sweden,WG,Wages,SEK,Swedish krona,A,Annual,Q,Constant prices,MEAN,Mean,_Z,Not applicable,2017,,518103.97,,2024,,A,Normal value,0,Units,0,Zero
DATAFLOW,OECD.ELS.SAE:DSD_EARNINGS@AV_AN_WAGE(1.0),Average annual wages,I,SWE,Sweden,WG,Wages,SEK,Swedish krona,A,Annual,Q,Constant prices,MEAN,Mean,_Z,Not applicable,2018,,520690.4,,2024,,A,Normal value,0,Units,0,Zero
DATAFLOW,OECD.ELS.SAE:DSD_EARNINGS@AV_AN_WAGE(1.0),Average annual wages,I,SWE,Sweden,WG,Wages,SEK,Swedish krona,A,Annual,Q,Constant prices,MEAN,Mean,_Z,Not applicable,2019,,526188.32,,2024,,A,Normal value,0,Units,0,Zero
DATAFLOW,OECD.ELS.SAE:DSD_EARNINGS@AV_AN_WAGE(1.0),Average annual wages,I,SWE,Sweden,WG,Wages,SEK,Swedish krona,A,Annual,Q,Constant prices,MEAN,Mean,_Z,Not applicable,2020,,532880.93,,2024,,A,Normal value,0,Units,0,Zero
DATAFLOW,OECD.ELS.SAE:DSD_EARNINGS@AV_AN_WAGE(1.0),Average annual wages,I,SWE,Sweden,WG,Wages,SEK,Swedish krona,A,Annual,Q,Constant prices,MEAN,Mean,_Z,Not applicable,2021,,545656,,2024,,A,Normal value,0,Units,0,Zero
DATAFLOW,OECD.ELS.SAE:DSD_EARNINGS@AV_AN_WAGE(1.0),Average annual wages,I,SWE,Sweden,WG,Wages,SEK,Swedish krona,A,Annual,Q,Constant prices,MEAN,Mean,_Z,Not applicable,2022,,530986.12,,2024,,A,Normal value,0,Units,0,Zero
DATAFLOW,OECD.ELS.SAE:DSD_EARNINGS@AV_AN_WAGE(1.0),Average annual wages,I,SWE,Sweden,WG,Wages,SEK,Swedish krona,A,Annual,Q,Constant prices,MEAN,Mean,_Z,Not applicable,2023,,517760.04,,2024,,A,Normal value,0,Units,0,Zero
DATAFLOW,OECD.ELS.SAE:DSD_EARNINGS@AV_AN_WAGE(1.0),Average annual wages,I,SWE,Sweden,WG,Wages,SEK,Swedish krona,A,Annual,Q,Constant prices,MEAN,Mean,_Z,Not applicable,2024,,529659,,2024,,A,Normal value,0,Units,0,Zero
DATAFLOW,OECD.ELS.SAE:DSD_EARNINGS@AV_AN_WAGE(1.0),Average annual wages,I,POL,Poland,WG,Wages,PLN,Zloty,A,Annual,V,Current prices,MEAN,Mean,_Z,Not applicable,2010,,40987.276,,,,A,Normal value,0,Units,0,Zero
DATAFLOW,OECD.ELS.SAE:DSD_EARNINGS@AV_AN_WAGE(1.0),Average annual wages,I,POL,Poland,WG,Wages,PLN,Zloty,A,Annual,V,Current prices,MEAN,Mean,_Z,Not applicable,2011,,43134.99,,,,A,Normal value,0,Units,0,Zero
DATAFLOW,OECD.ELS.SAE:DSD_EARNINGS@AV_AN_WAGE(1.0),Average annual wages,I,POL,Poland,WG,Wages,PLN,Zloty,A,Annual,V,Current prices,MEAN,Mean,_Z,Not applicable,2012,,44040.513,,,,A,Normal value,0,Units,0,Zero
DATAFLOW,OECD.ELS.SAE:DSD_EARNINGS@AV_AN_WAGE(1.0),Average annual wages,I,POL,Poland,WG,Wages,PLN,Zloty,A,Annual,V,Current prices,MEAN,Mean,_Z,Not applicable,2013,,44673.4,,,,A,Normal value,0,Units,0,Zero
DATAFLOW,OECD.ELS.SAE:DSD_EARNINGS@AV_AN_WAGE(1.0),Average annual wages,I,POL,Poland,WG,Wages,PLN,Zloty,A,Annual,V,Current prices,MEAN,Mean,_Z,Not applicable,2014,,45534.57,,,,A,Normal value,0,Units,0,Zero
DATAFLOW,OECD.ELS.SAE:DSD_EARNINGS@AV_AN_WAGE(1.0),Average annual wages,I,POL,Poland,WG,Wages,PLN,Zloty,A,Annual,V,Current prices,MEAN,Mean,_Z,Not applicable,2015,,46444.097,,,,A,Normal value,0,Units,0,Zero
DATAFLOW,OECD.ELS.SAE:DSD_EARNINGS@AV_AN_WAGE(1.0),Average annual wages,I,POL,Poland,WG,Wages,PLN,Zloty,A,Annual,V,Current prices,MEAN,Mean,_Z,Not applicable,2016,,48562.161,,,,A,Normal value,0,Units,0,Zero
DATAFLOW,OECD.ELS.SAE:DSD_EARNINGS@AV_AN_WAGE(1.0),Average annual wages,I,POL,Poland,WG,Wages,PLN,Zloty,A,Annual,V,Current prices,MEAN,Mean,_Z,Not applicable,2017,,51491.822,,,,A,Normal value,0,Units,0,Zero
DATAFLOW,OECD.ELS.SAE:DSD_EARNINGS@AV_AN_WAGE(1.0),Average annual wages,I,POL,Poland,WG,Wages,PLN,Zloty,A,Annual,V,Current prices,MEAN,Mean,_Z,Not applicable,2018,,55604.515,,,,A,Normal value,0,Units,0,Zero
DATAFLOW,OECD.ELS.SAE:DSD_EARNINGS@AV_AN_WAGE(1.0),Average annual wages,I,POL,Poland,WG,Wages,PLN,Zloty,A,Annual,V,Current prices,MEAN,Mean,_Z,Not applicable,2019,,60356.358,,,,A,Normal value,0,Units,0,Zero
DATAFLOW,OECD.ELS.SAE:DSD_EARNINGS@AV_AN_WAGE(1.0),Average annual wages,I,POL,Poland,WG,Wages,PLN,Zloty,A,Annual,V,Current prices,MEAN,Mean,_Z,Not applicable,2020,,63506.366,,,,A,Normal value,0,Units,0,Zero
DATAFLOW,OECD.ELS.SAE:DSD_EARNINGS@AV_AN_WAGE(1.0),Average annual wages,I,POL,Poland,WG,Wages,PLN,Zloty,A,Annual,V,Current prices,MEAN,Mean,_Z,Not applicable,2021,,66615.769,,,,A,Normal value,0,Units,0,Zero
DATAFLOW,OECD.ELS.SAE:DSD_EARNINGS@AV_AN_WAGE(1.0),Average annual wages,I,POL,Poland,WG,Wages,PLN,Zloty,A,Annual,V,Current prices,MEAN,Mean,_Z,Not applicable,2022,,72641.019,,,,A,Normal value,0,Units,0,Zero
DATAFLOW,OECD.ELS.SAE:DSD_EARNINGS@AV_AN_WAGE(1.0),Average annual wages,I,POL,Poland,WG,Wages,PLN,Zloty,A,Annual,V,Current prices,MEAN,Mean,_Z,Not applicable,2023,,82486.246,,,,A,Normal value,0,Units,0,Zero
DATAFLOW,OECD.ELS.SAE:DSD_EARNINGS@AV_AN_WAGE(1.0),Average annual wages,I,POL,Poland,WG,Wages,PLN,Zloty,A,Annual,V,Current prices,MEAN,Mean,_Z,Not applicable,2024,,91625.251,,,,A,Normal value,0,Units,0,Zero
DATAFLOW,OECD.ELS.SAE:DSD_EARNINGS@AV_AN_WAGE(1.0),Average annual wages,I,SWE,Sweden,WG,Wages,SEK,Swedish krona,A,Annual,V,Current prices,MEAN,Mean,_Z,Not applicable,2010,,352083.57,,,,A,Normal value,0,Units,0,Zero
DATAFLOW,OECD.ELS.SAE:DSD_EARNINGS@AV_AN_WAGE(1.0),Average annual wages,I,SWE,Sweden,WG,Wages,SEK,Swedish krona,A,Annual,V,Current prices,MEAN,Mean,_Z,Not applicable,2011,,362324.55,,,,A,Normal value,0,Units,0,Zero
DATAFLOW,OECD.ELS.SAE:DSD_EARNINGS@AV_AN_WAGE(1.0),Average annual wages,I,SWE,Sweden,WG,Wages,SEK,Swedish krona,A,Annual,V,Current prices,MEAN,Mean,_Z,Not applicable,2012,,372050.69,,,,A,Normal value,0,Units,0,Zero
DATAFLOW,OECD.ELS.SAE:DSD_EARNINGS@AV_AN_WAGE(1.0),Average annual wages,I,SWE,Sweden,WG,Wages,SEK,Swedish krona,A,Annual,V,Current prices,MEAN,Mean,_Z,Not applicable,2013,,378665.13,,,,A,Normal value,0,Units,0,Zero
DATAFLOW,OECD.ELS.SAE:DSD_EARNINGS@AV_AN_WAGE(1.0),Average annual wages,I,SWE,Sweden,WG,Wages,SEK,Swedish krona,A,Annual,V,Current prices,MEAN,Mean,_Z,Not applicable,2014,,386879.04,,,,A,Normal value,0,Units,0,Zero
DATAFLOW,OECD.ELS.SAE:DSD_EARNINGS@AV_AN_WAGE(1.0),Average annual wages,I,SWE,Sweden,WG,Wages,SEK,Swedish krona,A,Annual,V,Current prices,MEAN,Mean,_Z,Not applicable,2015,,396607.08,,,,A,Normal value,0,Units,0,Zero
DATAFLOW,OECD.ELS.SAE:DSD_EARNINGS@AV_AN_WAGE(1.0),Average annual wages,I,SWE,Sweden,WG,Wages,SEK,Swedish krona,A,Annual,V,Current prices,MEAN,Mean,_Z,Not applicable,2016,,406316.95,,,,A,Normal value,0,Units,0,Zero
DATAFLOW,OECD.ELS.SAE:DSD_EARNINGS@AV_AN_WAGE(1.0),Average annual wages,I,SWE,Sweden,WG,Wages,SEK,Swedish krona,A,Annual,V,Current prices,MEAN,Mean,_Z,Not applicable,2017,,415860.17,,,,A,Normal value,0,Units,0,Zero
DATAFLOW,OECD.ELS.SAE:DSD_EARNINGS@AV_AN_WAGE(1.0),Average annual wages,I,SWE,Sweden,WG,Wages,SEK,Swedish krona,A,Annual,V,Current prices,MEAN,Mean,_Z,Not applicable,2018,,428099.46,,,,A,Normal value,0,Units,0,Zero
DATAFLOW,OECD.ELS.SAE:DSD_EARNINGS@AV_AN_WAGE(1.0),Average annual wages,I,SWE,Sweden,WG,Wages,SEK,Swedish krona,A,Annual,V,Current prices,MEAN,Mean,_Z,Not applicable,2019,,441601.19,,,,A,Normal value,0,Units,0,Zero
DATAFLOW,OECD.ELS.SAE:DSD_EARNINGS@AV_AN_WAGE(1.0),Average annual wages,I,SWE,Sweden,WG,Wages,SEK,Swedish krona,A,Annual,V,Current prices,MEAN,Mean,_Z,Not applicable,2020,,451340.96,,,,A,Normal value,0,Units,0,Zero
DATAFLOW,OECD.ELS.SAE:DSD_EARNINGS@AV_AN_WAGE(1.0),Average annual wages,I,SWE,Sweden,WG,Wages,SEK,Swedish krona,A,Annual,V,Current prices,MEAN,Mean,_Z,Not applicable,2021,,470494.93,,,,A,Normal value,0,Units,0,Zero
DATAFLOW,OECD.ELS.SAE:DSD_EARNINGS@AV_AN_WAGE(1.0),Average annual wages,I,SWE,Sweden,WG,Wages,SEK,Swedish krona,A,Annual,V,Current prices,MEAN,Mean,_Z,Not applicable,2022,,488800.45,,,,A,Normal value,0,Units,0,Zero
DATAFLOW,OECD.ELS.SAE:DSD_EARNINGS@AV_AN_WAGE(1.0),Average annual wages,I,SWE,Sweden,WG,Wages,SEK,Swedish krona,A,Annual,V,Current prices,MEAN,Mean,_Z,Not applicable,2023,,506941.94,,,,A,Normal value,0,Units,0,Zero
DATAFLOW,OECD.ELS.SAE:DSD_EARNINGS@AV_AN_WAGE(1.0),Average annual wages,I,SWE,Sweden,WG,Wages,SEK,Swedish krona,A,Annual,V,Current prices,MEAN,Mean,_Z,Not applicable,2024,,529659,,,,A,Normal value,0,Units,0,Zero
